14121.3,-20.9252,30.5443,108.896
188947,95.4659,-106.817,-34.8007
83827.1,-5.17368,-30.9939,8.54779
44668.2,46.7458,-32.7953,-71.1427
220953,26.7919,109.519,9.89582
140997,147.369,25.9884,11.1866
120074,-111.415,22.9603,109.109
88460,24.3172,-23.6724,7.9485
17430,-19.17,-25.228,40.2327
414032,72.829,135.436,45.5716
15154.2,8.3751,69.1164,55.8973
150400,32.567,-11.146,11.1307
125736,36.0876,106.042,-102.536
135271,16.1204,-98.9181,7.58499
558.919,-3.86273,19.6374,4.64616
438242,-132.644,-195.721,152.832
34949.1,58.6201,-4.43447,24.8941
383491,-144.547,-48.2264,-128.677
14358.2,1.12628,-21.265,-11.0665
253226,61.6501,90.9495,125.579
200721,-21.1725,127.512,-10.4922
212522,103.688,14.9738,-0.249291
282753,54.3789,49.585,88.3531
356478,-259.051,68.5955,-8.95974
329477,-180.078,-83.9503,-48.4502
111286,42.3877,-32.2941,115.972
340856,10.4906,-76.9801,116.696
54883.1,-23.111,24.058,-25.4084
334203,-47.4937,107.078,-186.624
125747,35.6143,27.7988,42.3427
92375.4,-71.1213,-98.3933,-34.6006
149666,-45.4243,18.4811,21.098
71150,-36.9524,18.877,139.222
8563.9,29.036,-3.85548,55.728
153437,17.2631,-44.2133,-94.7009
112856,15.9264,-91.1461,-28.6209
417465,-16.6107,-71.6343,-5.52476
62031.8,-103.166,-0.616166,-24.0453
386416,-142.679,-15.2791,-27.5391
36600.1,51.128,-32.6727,-88.7915
122848,-61.8647,-19.6334,-24.9855
18671,-20.6322,-10.7878,13.9774
438438,-32.0996,78.9773,151.565
116723,-5.38573,-73.1493,87.1985
254998,-86.6901,121.224,159.696
99485.3,53.9322,-6.58963,32.0921
371095,74.3122,-39.6917,-47.4041
591131,5.87825,103.514,144.236
17677.1,37.675,-38.3221,58.7336
81998.6,90.2743,-89.4312,-24.6179
350047,-21.1141,19.8018,-83.2811
128663,160.305,-66.3409,-89.699
203405,-108.939,73.9399,-31.205
9608.07,-29.8214,-30.5282,5.9674
60296.6,7.72337,23.4153,-62.8214
89439.5,-16.003,31.1397,-30.518
116552,51.7191,-116.108,3.15474
35048.1,-7.23958,-27.8143,34.9953
39140.4,20.1927,137.601,102.194
158524,-8.96405,-3.87551,117.177
401098,-28.7893,-181.875,-42.9941
142977,19.0849,-42.0944,-82.0691
29978.5,-38.1241,62.3567,32.193
417111,64.7738,-21.305,37.3549
106837,-116.769,-13.853,-1.00128
203164,170.043,-71.0712,-0.217004
305708,44.6828,-37.2743,-12.2798
38548.3,-76.0428,-75.2696,-2.17087
27066.8,3.74424,-35.8957,-13.5803
245452,-51.7671,114.594,158.316
15806.6,-47.2042,43.889,-32.794
494352,156.482,-24.1302,-40.5191
760242,-129.974,48.8827,61.0988
11602.8,-45.5121,9.08862,-39.4189
601678,-189.297,-66.3814,186.714
73525.9,50.5604,19.8172,26.5899
4791.41,-39.2313,-44.2145,25.9204
60351.6,43.4873,0.198391,-44.65
305193,-206.683,206.994,5.12341
4491.23,5.1951,105.34,-32.0427
225505,-102.643,-29.3946,63.0303
39294.6,-20.2247,40.9206,35.7786
864084,3.27542,75.8426,109.673
224501,12.941,12.5246,14.5868
618782,16.6305,-76.9444,97.3726
66615.5,44.6906,21.2929,78.1537
43846.4,15.6244,4.12166,1.34938
128579,-54.9782,32.0633,49.6504
260504,56.248,-28.9591,-70.7919
44196.2,-60.7707,-73.1717,45.7177
247740,10.9802,-71.5397,-127.447
163807,-105.185,-11.9005,-30.5205
7014.3,-2.58148,-5.23149,114
1.07361e+06,-81.3773,-248.394,-371.485
202092,-101.315,-163.302,21.5901
677679,155.827,-87.3056,-96.8581
88272.7,40.9445,147.082,26.1481
526228,-12.5597,-41.059,147.209
20272.8,-85.2231,-4.58641,37.2337
350375,33.5676,59.7848,132.925
39164.5,-101.28,67.1791,-68.3079
45618.9,52.8935,4.78918,41.5113
67912.3,98.3284,-6.93307,35.1038
39286.5,1.05961,42.7831,54.2006
267554,92.9939,-2.04954,141.414
69375.5,-31.8941,-35.4172,-42.6913
158466,38.055,36.2689,-50.6088
68755,40.2741,-40.7549,66.5558
261991,51.236,-3.10652,-111.881
182790,-53.8419,2.493,-140.108
126468,-3.20935,25.0611,152.653
485802,-40.6513,-20.0498,-6.42441
375076,-13.1625,-61.0595,108.86
119849,20.8423,139.281,28.1136
26644.6,35.1796,41.5744,87.9735
49746.8,73.8331,-87.4911,144.799
34837.7,-26.8156,70.1619,78.3965
129227,11.3294,-13.7526,-21.3891
579040,-36.0574,-294.058,77.4723
110934,-69.1526,18.5549,-10.5601
92310.9,-51.3363,-16.5606,60.502
166551,17.7607,22.9216,20.2333
189865,-92.7077,27.3177,-129.288
120920,-46.9903,-68.0466,82.7332
91293.5,95.3019,-20.9084,134.285
647623,20.3217,-118.121,-14.8391
232883,13.6726,5.77809,35.1918
127751,-27.0255,-90.3263,49.5769
109203,39.697,-60.708,85.5392
8437.59,-51.9362,-65.2936,41.7133
52570.8,57.8449,-72.8733,13.0494
95244.6,-69.3617,-37.4177,-6.52197
134057,-62.5446,-68.6473,-2.05094
43134.7,55.0017,-41.9959,34.7072
415394,-56.7866,-20.7281,-107.673
308131,-117.425,-5.43648,15.0773
174156,43.592,30.389,-6.23903
34864.3,-8.97257,16.4259,49.6247
56707.1,29.1594,-39.1853,19.8912
151918,28.8249,-38.7748,-13.1597
39620.2,-0.414536,-92.5157,70.5046
172133,-105.352,-11.4597,75.6244
14749.1,74.782,28.7667,116.698
304558,-12.3639,-43.337,113.06
69260.3,-24.5874,-67.4407,34.452
264359,156.283,146.388,-66.1529
349248,64.2511,26.2154,39.8372
513647,87.2103,-162.391,9.57334
543827,-113.442,95.342,124.067
29173.5,81.7955,-53.4237,81.228
38474.7,40.7475,-72.3706,65.0362
271397,-80.1113,-152.498,26.7663
119137,30.4593,10.9471,4.99904
831683,-174.824,253.921,211.612
214221,115.129,21.729,96.774
107383,-14.8414,-56.8693,-88.7597
28399,-123.03,28.3533,41.1116
19830.3,16.281,71.5696,-104.324
83128.4,36.9727,30.7558,83.5909
28496,-37.738,4.79873,124.129
1.98017e+06,225.227,283.118,-278.927
405969,7.87002,-151.178,38.8392
54297.7,13.5728,-48.6465,38.4802
308363,20.3629,86.4077,116.889
605309,129.758,-134.767,-72.7312
85026.8,-84.3705,98.9787,139.057
148290,-65.1702,-117.814,-20.6233
73661.9,8.87446,-14.9568,109.312
13180.7,-55.8164,48.9217,74.9612
129385,-125.046,95.2787,-2.82609
99929.9,58.0003,-47.8457,84.8955
281573,102.012,132.495,-47.9002
224063,19.5303,26.9824,28.128
44455.5,-1.2593,-19.2713,133.641
104402,-21.3093,21.7262,89.6563
106191,61.7065,-23.7859,162.16
116944,-65.1237,-99.3829,9.98956
22586.8,-9.38874,-42.8276,89.7927
97415.4,27.2474,23.2477,28.5146
32557.9,78.0748,127.699,191.134
137144,26.2052,85.4141,75.3257
163425,-65.0594,92.4603,28.202
56935.4,-65.4938,-38.974,61.5454
71885.5,-6.65899,70.8629,64.9147
190437,-34.4833,-20.1487,34.3059
298660,41.1176,-70.3301,188.947
88889.7,18.1298,-49.2446,27.7122
153585,27.1133,18.4567,35.7596
183713,93.2256,20.9984,11.2681
242398,-25.6674,96.5491,-61.6648
1873.43,47.0959,58.3422,-29.719
516072,-70.875,-38.7893,48.374
89811.9,-19.7185,-46.7935,10.8755
289681,-101.046,106.173,100.97
341716,138.163,-8.15831,-3.63321
318334,-95.5084,28.4013,-22.5039
42242.8,63.9467,-14.5213,32.7831
301717,51.2596,26.3522,-25.0499
13378.4,-17.3755,-28.611,-72.309
174576,-59.0785,-9.4817,-54.6966
135347,-33.5406,-14.9642,55.9475
64156.3,26.9754,-81.4489,35.9112
54637.8,68.8966,-6.77889,111.761
307293,-161.629,-55.3368,-88.2991
327122,120.726,-43.6584,104.856
137735,-73.6389,115.75,-73.1875
172850,192.77,-143.512,-21.5393
430533,46.58,220.741,-17.9174
339271,149.298,80.3775,92.2139
13484.7,-70.1607,-32.9604,-25.4475
294257,-219.214,-66.4382,21.2223
388597,36.8732,5.19987,-1.84227
76693.7,1.60871,-7.03393,243.373
85154.2,-68.6892,-18.6993,-20.703
122065,9.16735,1.62289,100.529
216848,12.5411,-59.8228,-58.6797
292632,12.687,-94.7792,29.9976
54062.1,71.8673,58.782,-33.6174
49381.8,136.601,-7.51089,-27.4427
251042,42.8897,-124.948,-127.676
82229.5,9.17445,-8.34764,-72.6134
93049.1,81.2762,-17.3003,68.6411
14856.4,38.3166,11.0952,-44.9162
206693,110.952,6.46427,121.611
4624.24,-53.136,3.42498,31.588
38780.4,-41.2791,61.5325,106.681
106545,-3.48589,63.1403,175.241
32137,-19.9353,-13.5002,-75.9077
461331,-89.5689,88.4648,40.9634
169990,81.4953,28.7272,80.7851
16954.4,22.0246,44.2929,107.271
652696,54.5691,-111.545,-147.2
141284,67.6239,51.0727,21.133
145598,-31.7382,24.015,26.0057
269772,87.69,46.7364,18.0303
45842.2,-32.6315,-9.28327,100.337
335268,121.679,-38.5132,109.417
19213.8,-52.5228,-60.0559,-3.22164
119811,213.351,27.7022,58.8024
371583,68.8651,144.1,10.5386
220466,-30.694,-42.4103,115.548
892452,-116.239,-36.0499,-61.0044
359702,-6.21808,-86.8159,-80.9818
392982,-98.0571,70.8594,85.0509
549416,-237.228,-43.9519,7.11995
8398.59,-55.3248,-4.66404,-38.2371
105290,-9.77725,96.7272,35.7143
2523.73,-33.9301,19.177,15.0501
151138,47.2188,-48.2577,-33.9729
5234.51,21.7311,-82.1579,54.8058
67901.8,3.13142,6.40272,26.9564
433969,-88.018,-12.7603,-165.571
142787,-6.48904,37.6065,47.497
166833,75.5739,-76.9726,-24.1552
159210,75.9071,-56.3829,-16.5704
522659,73.8072,175.057,-376.777
492347,149.806,-86.0308,93.5517
732918,-29.4846,43.734,108.248
376820,11.4323,36.2983,-47.9933
776472,4.17828,-117.201,61.4447
16008.2,13.6449,68.3753,79.1168
137069,32.4485,-112.5,59.0996
43585,24.535,11.7589,45.3257
75200.4,-45.592,35.5239,102.194
149013,-4.56894,110.027,-62.1895
148038,23.2116,61.2985,-18.2678
35315.2,1.95317,10.266,24.6591
62583.9,-21.0276,-74.1768,76.0375
202860,106.519,-1.57486,9.96997
415234,-8.49156,58.7643,69.1398
145792,-26.9356,19.7459,68.2398
272803,-143.477,129.004,197.947
168396,17.716,84.1186,-72.746
213357,-59.1893,-89.9891,-13.6584
176653,30.6605,56.2127,-26.5837
767954,-11.2563,81.8842,62.6837
27031.9,65.3243,-28.6468,23.1145
20929.9,-81.1078,-22.6268,38.2076
160312,-47.6923,115.63,-48.9266
154463,-171.439,104.21,19.775
36667.1,-40.6742,-7.35714,125.809
19828.4,3.1734,-13.4445,-44.9993
51367.7,-12.5088,-28.8531,143.041
20711.8,-1.54797,-75.9626,50.3508
279339,-33.8958,-51.4368,183.828
10343.1,-70.6808,66.0734,24.1211
288146,-31.3604,16.6967,-2.10411
696907,-78.3235,-62.0729,-49.5221
29506,41.4336,50.1607,88.2088
1.02845e+06,45.3846,148.598,-265.012
273700,102.227,-36.9533,148.498
283097,-172.81,-34.2424,-22.7244
554886,-37.8369,25.3756,65.2524
204301,-37.566,66.4348,173.628
72381.8,-2.85912,94.5934,141.218
230942,121.823,-121.857,60.8136
261989,110.729,-73.0468,-22.5664
133557,75.2043,121.186,83.8932
123193,101.496,53.1884,-111.109
155262,-23.7071,-169.626,105.996
261781,-43.9678,190.909,79.9588
372427,58.2634,-52.301,-100.729
132867,22.5938,-16.1834,185.44
172866,-20.6871,35.1486,57.9517
2444.06,18.7562,-35.2052,24.6137
274643,-0.0331667,-28.5303,-58.9072
59781.4,40.8797,39.8828,19.5458
89783.9,82.4429,143.928,-62.5579
372783,-0.975708,-130.438,50.6342
33489.1,17.8444,19.5221,76.5009
277699,44.3241,55.5303,92.6395
807536,38.4521,-110.023,1.25248
285949,-14.8349,19.1746,-54.6761
239810,-65.6276,-114.567,-18.2462
813825,77.646,-47.6514,188.692
158429,39.0799,7.42561,-55.9889
605571,-153.954,-40.7777,-58.8904
331765,-15.2798,-77.8868,40.0687
3950.87,-63.384,33.8337,35.2299
10536.9,-69.936,41.4197,72.0156
71784.8,73.4649,70.4413,34.5574
153363,-49.5251,104.533,-27.1593
224051,-42.6276,-86.2421,43.0742
856270,-7.32057,-0.910232,184.034
105022,-14.9523,-33.5446,-49.8856
266398,-11.3931,-0.875034,74.0788
217444,-41.8382,-23.7435,5.68258
1.33965e+06,-314.959,-91.9329,-37.8284
178404,-126.361,8.76409,-15.5001
181475,-92.4418,-85.2006,83.785
51959.5,-19.0198,56.1036,-22.8064
332489,53.8554,-11.7944,-65.1604
220151,123.185,107.022,140.273
79560.7,-23.3039,35.3025,150.763
39429.6,-34.2809,57.0014,-62.805
292698,17.1577,95.4949,108.436
22217.6,-4.34096,-33.9935,-37.7752
74746.8,-1.17209,34.7292,6.27173
552217,14.182,-72.9869,30.3889
188952,-64.9056,-14.8901,-30.355
204769,-167.232,-29.8912,115.966
136232,-153.605,-13.7945,-4.62363
40686.5,35.0617,20.704,148.499
70613.7,14.3847,25.2103,7.93361
24367,-46.6005,67.0556,57.0581
469424,-109.808,-31.5452,170.668
360816,-40.2751,252.208,131.726
276700,-21.6174,-1.72338,-46.7879
90818.5,-70.7913,-5.35607,-92.3228
99998.8,-37.5393,-28.5853,78.2558
38415.2,-119.898,11.8745,97.4992
99208,-0.304668,50.0574,109.085
310951,7.65077,-73.2612,-29.6034
162306,-23.1167,-70.9621,58.7499
67066.9,59.097,-44.461,-24.1983
358464,88.5646,24.6387,-54.0436
249527,-29.0981,-165.938,68.9448
125603,91.9389,-83.1342,33.296
39265.4,-48.2861,-22.6465,79.1273
111654,-130.527,-30.0119,25.4076
93618.2,3.63441,-52.3301,-56.9191
284627,-48.0096,62.3514,0.75529
144584,-33.2453,-56.9238,114.35
100397,-0.0843213,5.12351,48.339
484437,157.424,81.167,-362.428
460741,50.2032,-59.9826,180.527
10729.3,-70.7284,-53.3009,63.0796
68970.8,108.584,-36.84,-41.3358
164315,-161.092,-15.0846,-164.709
15380.6,-33.1714,-43.3887,32.7615
329693,-49.6022,-20.7316,-8.90962
359173,-144.698,-78.8205,7.89111
261994,-92.5942,105.76,50.8984
133536,-61.5359,91.1975,-28.2563
282590,-23.5863,55.7614,21.413
350471,35.0408,-55.4471,226.807
314585,-173.259,-70.4551,57.184
27649.6,7.3418,32.1629,-62.1091
356066,-26.4034,121.188,190.591
78366.6,-186.814,15.6082,97.4989
986928,355.283,224.614,-67.0986
263804,67.7233,-165.932,100.329
229072,109.879,-117.852,116.449
195168,-9.43806,7.65844,79.9722
1.34651e+06,-175.601,-119.451,101.893
837253,-144.369,293.951,159.506
736513,-104.406,40.2603,240.641
199437,-125.736,-112.526,-26.3192
234233,-74.8507,173.657,26.4617
290010,-11.3355,16.1868,45.8061
220790,-33.0867,66.1063,-11.77
174616,1.36095,27.9874,14.2206
177608,-23.926,52.799,-53.7473
123117,101.602,-0.576668,119.858
93379.1,38.2719,23.351,58.805
90534.1,1.66809,76.4872,39.4201
308127,5.34576,18.4152,-31.1715
95553.4,108.453,-100.19,-47.5454
408779,82.1813,63.4135,181.519
78018,21.7019,-15.5798,97.2112
53607.6,-86.5248,-75.2493,32.9446
141021,55.9451,54.3772,-75.4525
13977.9,-12.3521,9.56583,28.4875
1.08952e+06,58.8109,68.9861,-73.2754
305191,-53.1127,-99.0114,-69.2056
154043,131.037,18.7049,188.007
12294.8,-14.919,-46.0297,27.281
91465,-49.232,1.58107,69.5548
52136.4,-60.9979,-63.0028,31.6006
288570,-4.82034,72.9183,66.9942
280543,-20.6633,-54.3498,-48.9836
231985,-94.8722,-40.3555,-12.5685
234420,-65.6594,-22.8473,-18.3753
4905.76,-74.7044,0.521729,40.7395
567953,-59.9869,30.3402,102.659
92211.1,12.61,30.7169,100.753
254906,-54.2498,-112.651,120.838
47799,-2.36253,25.0845,-90.2524
540637,-122.045,-158.196,-49.0839
299322,72.9997,-47.2551,61.2702
210640,88.9803,8.23551,16.0379
26955.1,-36.307,35.3006,60.7457
86712.8,-12.6126,-38.2084,136.014
97535.9,38.673,63.6594,9.06193
191341,-147.274,-51.6178,-37.379
187259,-2.21683,-64.2661,38.8633
150013,79.2853,-78.4179,134.056
439234,-153.009,34.1967,93.9934
195682,-26.5604,-15.7274,-18.6816
94473.8,-73.4839,47.7108,82.2573
23907.9,105.19,-31.451,5.49953
13045.8,-12.9673,-37.892,30.6609
5365.88,-21.2296,22.1278,67.0922
172573,-97.5998,10.2742,110.436
12146,71.2096,-5.5211,0.694376
426617,-55.696,12.0937,-101.994
348628,-4.46837,57.1941,-111.15
270697,-2.2748,102.12,124.317
262522,-115.407,-40.6133,34.8695
359911,-76.9258,-50.4277,47.8974
444048,-117.948,76.4961,12.5112
29994.7,20.8759,40.0681,64.4146
277568,210.196,48.237,193.869
6331.12,71.057,35.257,37.0153
146256,-70.2749,-118.312,-59.1452
599907,-23.5636,-91.1269,-101.338
57158.1,-35.0086,-12.5882,-26.628
279009,-4.5001,36.9936,86.3649
20906.8,52.1523,25.6578,129.045
483448,-17.2009,15.492,13.3051
286810,48.5258,61.6165,174.602
586274,189.724,-10.2736,16.2111
370954,277.424,-63.4215,26.763
221520,9.48973,-167.835,28.7721
92034.5,-60.1334,74.9543,15.8126
45319.3,4.74093,-118.142,-5.59118
46575.6,-48.8759,-45.4032,-37.0592
169419,-106.47,150.587,-31.0211
245937,-2.48749,-28.1813,88.2674
288490,-27.6276,-18.5038,-101.233
158471,46.7778,-57.7919,-29.2615
227392,-97.7514,95.6087,57.5129
113328,-53.2419,-13.7321,-16.6528
248031,-33.3547,56.5118,-41.0052
222572,-113.002,-11.9632,41.5656
436648,177.562,67.5806,129.878
317778,-17.0655,161.607,43.5989
314824,5.77938,169.265,49.4565
155493,31.5443,-60.8363,75.8241
57919.5,37.5814,-2.71515,-18.0562
217222,-18.3633,122.09,-97.6772
121111,23.8826,-32.5894,48.6041
208719,85.0302,-1.44157,-127.233
189776,93.9245,40.6732,45.909
246808,8.275,-21.1446,-47.8347
563563,151.91,75.7514,-180.786
108477,70.719,113.336,-1.43653
8697.32,92.3537,21.3079,29.4227
170302,78.2349,-18.9561,-51.7499
29134.2,17.2046,65.2472,69.6264
574901,10.7745,-65.5317,-31.8194
308895,-45.6658,-18.5099,-85.3201
29430,12.1366,5.46295,86.0161
487074,42.5726,-50.7773,23.4488
498570,-135.566,-39.0642,-3.9844
268241,-9.01919,-58.5426,-27.5069
169570,-83.3067,-29.8107,103.262
741313,230.096,-37.7036,-238.399
69276.9,-7.12128,64.1755,124.595
126208,76.2203,-32.4211,-19.6698
35249,26.4502,48.1604,-13.9727
531120,306.477,-48.4659,49.0361
48167.2,-35.8737,15.9284,26.9431
497087,-57.7493,-79.277,78.7024
206728,-98.458,-45.916,-3.10814
100442,-59.0152,2.36706,46.7205
281865,20.7391,-3.70622,-59.0635
158260,-41.7381,43.3586,-10.1641
492037,121.862,-76.3581,130.341
63354,34.9419,34.8314,-60.2763
663280,-133.689,223.236,-0.0390226
317709,-96.6851,203.197,0.628938
148158,96.6055,-36.5062,160.505
180650,91.603,-10.2693,19.3854
146756,-55.3265,-59.2046,107.375
418537,-115.599,22.7192,80.96
106842,2.13142,18.4619,96.3417
706349,-45.7282,-9.36461,-16.5307
132308,43.6391,-45.6966,14.5725
367616,-35.842,-153.701,35.9935
579165,-76.3476,11.2629,-74.8293
113617,27.2888,73.2652,2.86256
293966,-66.3234,-17.1731,-5.40128
5035.36,156.217,14.3859,-12.0542
2348.75,-29.7755,53.9418,37.8816
677779,58.5849,102.867,-60.254
126785,79.1925,19.0284,53.0315
414109,12.1542,-40.654,45.9372
422513,156.69,-37.6839,110.372
138956,-126.937,0.540312,78.106
270969,-65.0852,-181.539,19.7849
259525,-28.1136,-71.825,198.964
111485,-82.7636,-23.964,51.1298
346998,-17.5837,152.215,-66.6731
809355,128.555,112.077,-20.8233
383144,-21.5486,44.7888,-117.061
106634,-109.241,51.7221,72.9345
152974,-53.4243,-52.9234,-69.0071
622371,72.4945,-50.5625,133.745
241077,55.0278,-14.6641,90.3245
130745,-53.0621,-56.7411,106.618
304630,-155.746,-31.3846,-51.9257
53626,33.3247,5.73164,36.9372
291637,-56.3584,24.1977,-112.852
204042,-130.087,54.3947,-19.4027
152309,47.8679,-10.3653,-41.7194
157123,-38.5819,-94.2763,45.6507
153402,-13.1264,68.2859,233.958
88195.8,-93.4077,42.325,40.8217
47499.4,6.3762,-21.5541,47.4637
116291,-31.8726,14.944,2.84502
1958.28,-6.58281,18.3332,91.7898
409899,-201.84,0.836223,212.067
872826,-229.384,49.8584,-145.594
373777,110.383,-60.258,-36.775
155852,-74.2736,160.197,19.983
89080.3,-24.6048,20.964,79.7318
152096,-76.079,-10.1013,-8.28892
223350,-40.6153,80.9212,150.65
43635.9,30.7964,-4.15819,24.7122
5130.16,-34.351,-7.04035,-92.7197
97669.8,33.5666,153.818,14.2335
259626,13.6758,77.0974,-15.5589
55982.1,-41.4271,-22.7865,10.6865
472951,50.1664,-12.5097,-259.18
90133.6,6.05425,35.932,-27.8985
138235,39.9469,-75.5416,-57.5259
188817,2.72616,107.226,8.90772
18773.1,17.626,0.758643,58.3497
74744.8,-113.406,-98.5006,53.0469
349119,-17.8511,-141.409,-85.9375
655709,58.9187,-13.7989,-9.29459
531931,-40.2183,-79.2847,65.4043
71332.8,-22.4352,63.7829,54.0295
463586,4.91238,-68.756,-97.3255
731567,-13.1901,-254.399,178.786
23051.9,-59.5017,94.9338,-166.985
159014,-71.6779,-148.857,-88.8514
153600,180.961,71.8046,149.75
51535.4,42.1302,74.0055,-45.799
17514.2,-64.5769,9.54574,54.4767
223760,-15.5663,35.9444,-161.062
374376,85.3225,136.409,-66.8056
83351.6,-74.8762,0.612901,-16.0761
295566,53.9191,53.4933,-12.2675
553382,25.2293,114.561,5.03978
570175,-59.9483,-82.4539,-76.8744
739547,301.54,-211.312,47.5612
368301,-12.0745,-61.6425,23.6133
708714,66.743,44.596,-176.886
14406.2,-66.7102,58.8415,20.8425
71695.1,-64.5391,107.01,111.564
56115.4,-7.58742,90.746,62.1364
473521,86.7444,-1.18955,84.6605
402654,-119.91,53.2592,193.716
275305,-24.1022,93.4751,-98.4328
82818.2,-103.87,-7.74299,32.6456
4830.53,131.396,-26.4886,34.5073
72466.2,0.367328,10.0379,-24.9079
242936,137.934,-152.776,-33.5821
275731,-77.2914,8.2385,24.0963
49945.9,-53.3391,48.8364,44.1045
31594,67.6052,28.5757,35.676
35618.6,43.2247,107.328,67.988
46076.5,5.06892,25.8105,66.7286
315436,-115.072,11.2359,-19.7591
228101,159.785,-27.7557,22.758
179904,-54.9532,-28.0189,-30.5528
739408,29.2274,-17.1765,89.928
227834,149.55,-75.4188,6.20458
42778.5,14.9187,-20.1011,17.8451
238701,90.8075,108.356,8.6712
91459.6,-10.4967,80.1139,102.135
319520,121.57,-2.95513,1.04447
227362,-56.1817,-12.4346,-28.976
390178,67.2563,-47.6768,225.119
132191,61.3688,-59.631,-14.3451
66796.9,29.5165,-43.1309,17.3327
175069,13.1801,58.3148,-16.4876
44658.4,3.83162,66.2476,19.8245
230620,-64.3248,21.1766,-1.18793
54069.3,38.719,8.29628,20.7048
70585,-48.5153,-46.6913,71.4316
166453,66.3507,3.62848,-18.0634
364405,40.8729,-88.8146,1.97611
140959,11.4462,65.3882,55.898
100299,-19.1183,25.1817,-33.4623
289599,-16.8087,144.408,-37.1485
723378,-14.3118,-85.5191,-249.458
7998.73,75.3163,-123.37,53.3362
203919,31.4203,-41.8995,-59.8361
348328,113.59,-23.5069,27.0676
170035,-7.80511,22.5449,-67.0525
354438,-52.639,-73.9584,83.473
120339,-3.32221,-76.2555,67.8079
187453,-62.2695,-29.5461,95.0998
11339.4,13.8773,-34.2215,35.0601
195344,-118.464,-53.1479,8.73364
453915,-39.672,58.6133,21.6843
620258,88.5187,28.6244,8.05726
254845,-85.915,34.7479,-61.6247
436961,-8.21986,19.6499,-23.2033
128434,-23.9697,-3.71156,64.6207
121456,41.8589,32.4527,16.8022
489051,17.5237,39.3639,61.7142
304252,227.27,-11.0228,5.96822
111096,81.4964,-102.978,65.1959
225971,-88.6527,-31.6496,25.6046
415756,116.986,13.8716,-108.067
67565.2,29.4937,13.0849,7.49826
65931.5,19.3666,-21.8947,195.841
244397,27.9224,10.6814,124.739
288998,149.43,19.3283,182.198
332107,-70.3301,193.931,30.3229
216553,-2.41076,-38.6242,2.22178
807819,20.0607,-139.907,-92.4153
563103,84.182,-249.475,60.1739
364259,-34.6825,-75.1851,22.5775
30780.1,4.59932,-2.21486,66.2786
158607,-34.4722,109.399,77.6237
101934,104.158,88.3189,109.857
822885,-63.1056,-199.399,47.7532
291499,48.5485,-29.8714,-31.2311
334818,55.8928,78.1479,-62.5667
102951,-138.781,82.2395,-58.6231
190439,-32.7912,111.68,-35.6822
62106.7,116.456,-13.9183,6.00311
51253,87.0379,-107.898,-16.6261
2524.52,-47.894,-16.3016,8.68943
201967,-54.1702,17.7022,-8.17838
69980.7,-69.6864,-27.7079,72.771
181157,26.5491,-29.0103,42.488
960688,218.196,97.9101,53.8467
286720,8.79038,-5.2983,16.1573
275847,-261.75,134.91,-3.53922
86859.3,4.53366,89.9335,50.8439
44223.2,-74.6604,22.3108,-31.5701
233866,-57.8437,41.1285,-66.6634
291702,19.039,40.5648,90.8828
46315.5,-112.03,42.0019,49.6364
89091.6,48.9691,67.0391,102.901
159932,254.544,-58.2333,-19.3685
504494,-1.99375,80.5435,28.8337
79465.2,-10.7271,-89.5662,-8.67672
925792,-212.305,-85.3244,-197.406
40932.8,22.5534,-60.5859,128.759
13151,6.53871,-40.3461,47.0684
89436.8,40.4024,52.3092,62.3512
112521,-8.51932,-105.785,-11.887
28689.1,29.6324,-76.9617,116.489
128035,46.1769,-36.2365,107.329
152406,3.40868,-31.3521,33.3251
43430.1,23.2796,-71.1776,-8.09616
33385.5,34.8959,146.643,143.838
306212,34.9581,-161.626,95.8829
805669,-136.933,60.5119,150.74
866040,166.857,94.7651,67.6174
515636,112.645,-44.2317,138.58
263410,133.569,-56.4816,6.05609
59302.3,4.33131,32.6922,53.7715
368557,76.7149,108.669,-4.90237
225001,-10.5463,-65.6859,11.3601
240170,63.5465,-95.5004,-229.913
72951.7,4.50312,156.249,115.603
585132,-56.4621,89.4799,70.311
72564.9,-67.1142,8.33674,73.8045
10085.4,37.0349,-1.67463,7.53987
39171.7,40.2698,-91.2669,-65.5967
7792.92,-82.6337,-47.1767,11.5273
33800.6,4.67908,-14.8796,43.9185
39689.2,-132.41,18.183,30.9884
499717,-73.3685,-265.886,101.832
601720,-283.198,-74.9797,91.8179
381130,-18.181,170.291,-197.989
174431,65.7896,-69.202,-27.9428
58724.4,-61.6219,140.623,-103.856
239080,-18.1511,89.8993,91.7485
259729,-90.4553,68.2508,80.4469
116.6,-57.2042,14.1141,-26.4901
276918,9.43278,-6.97657,-64.3873
263409,-23.8194,-95.5391,73.7953
222867,-73.4892,-89.2506,-98.9158
558512,-109.565,172.855,-46.8688
141297,-140.78,-10.4847,-136.742
191115,-50.6268,14.8061,-98.1304
207285,51.0221,-26.2749,128.855
2396.01,-35.0909,3.62975,30.7587
18501.4,44.5166,-35.3571,146.514
48768.1,28.2017,-37.2008,137.677
80521.2,6.56725,-115.672,-134.404
63505.8,51.9239,-0.759008,50.0851
242360,52.211,0.656136,-29.3824
498067,-42.3833,16.9341,143.55
226072,-55.0238,-80.1329,70.2436
300922,101.485,-71.4944,-130.863
140947,-7.76988,35.284,27.1603
25611.2,42.6289,22.1973,101.61
347440,13.0973,-163.521,-37.9851
429687,18.6156,23.7143,-63.0415
114446,17.0005,-28.6082,64.7159
16744.7,-0.981173,79.67,-24.0309
257991,-17.3024,3.26369,240.929
77109.1,-1.8505,56.3237,115.054
2887.68,-42.0225,-4.4669,77.0612
14954.2,-31.367,44.29,109.051
9448.79,-22.0643,-16.1469,21.406
88001.9,36.6695,-38.7334,92.5003
46483.1,-33.5904,76.8436,212
578449,-43.62,-28.0744,-52.9072
288789,71.6426,-44.4099,-111.352
94613.7,-4.88941,66.3519,49.5331
39826.6,5.8279,-20.985,64.8649
285944,-9.23439,30.3202,85.2472
2077.53,-76.5076,-39.755,28.3064
157933,56.5212,-102.559,139.649
98523.8,46.1757,-120.127,-7.58052
219876,-6.85227,20.3612,-19.7744
327069,100.928,102.151,78.58
58415.3,-34.7387,21.8806,-29.7885
287392,-60.8118,-36.0071,125.029
111463,4.75693,72.4084,125.903
67742.5,-103.401,16.6039,28.2126
667365,-120.828,-134.708,208.435
549545,107.81,-145.631,4.74165
101649,13.4801,-92.4521,1.10261
769054,160.33,-234.655,18.4997
292470,-23.1007,34.5665,-72.9813
17629.9,64.504,-25.1338,-3.65664
335824,-18.1864,87.55,-81.7646
463107,112.229,85.0123,149.749
49179.4,93.7324,28.6333,65.4713
99441.9,24.3152,-82.6882,-34.708
54315.6,64.4279,-6.05936,127.7
72326.6,107.128,75.3758,-57.2781
21538.2,-72.1964,35.768,53.5858
293011,92.7015,-103.661,241.736
272491,165.334,74.0304,-1.97477
576336,192.325,-217.052,43.6186
291900,158.665,-31.6061,39.207
259236,65.5588,-44.474,38.1277
252206,131.79,252.981,-287.781
40108.1,43.7219,6.31051,-29.8926
186043,117.359,-79.0673,-71.0923
79407,13.991,-70.0192,55.4376
19821.7,12.4129,-21.2264,19.6979
57513.6,99.649,11.6727,-1.19714
59926.2,-82.9937,-35.8398,-59.8732
446822,2.16851,1.70062,166.057
9952.72,-77.1,19.1606,17.1756
241381,55.2039,63.1397,69.0661
306104,-94.5209,-137.045,-26.1138
143450,-37.6546,-81.1275,100.63
132182,-14.3027,-254.863,-123.09
207046,-87.032,8.19669,16.6397
216326,50.2648,-80.4898,-4.36322
1.41509e+06,260.986,2.69524,-181.976
714866,171.199,-4.64738,-83.29
183381,-11.5362,-29.9016,-25.1496
304271,101.904,77.1194,22.4394
78225,-2.8055,47.34,111.738
147913,-8.63621,35.96,140.096
119300,-87.0454,60.4217,19.7612
127496,16.0629,-41.0066,119.154
12621.3,-16.8535,-40.138,-8.52283
71877.7,-42.9819,71.7581,84.8853
57223.5,51.3745,-11.8569,122.047
97280.2,2.44247,13.9721,89.8718
43533,46.4224,-87.0582,34.7253
26811.8,-26.1323,45.621,-22.2536
376394,24.7958,95.2861,19.025
11403.7,125.527,6.40925,-119.872
175950,89.298,-35.3682,-15.5288
44416.8,-12.1605,25.6971,94.2587
326308,17.0359,-14.8009,58.201
196098,49.8033,68.1068,39.6802
11993,-11.1587,15.2909,0.482272
149514,40.2197,-8.29186,-24.9576
176029,81.3298,45.6245,-16.4107
35057.3,36.7967,-0.728117,7.55577
3190.76,18.3251,11.4284,39.3621
4051.39,16.3662,10.049,-15.648
147073,78.3718,41.1957,65.4475
24425.5,29.4092,-123.682,224.113
248000,51.1103,64.9071,86.0108
20835.7,-2.20174,-49.6272,5.73515
17337.8,0.729294,14.5543,45.1803
46308.4,-4.06377,82.6928,57.4938
124304,-9.3732,55.8804,84.8352
183562,11.7843,-50.2692,80.4094
949906,160.684,5.1138,86.6984
206066,-30.2761,56.1979,155.133
507936,-25.708,95.8952,245.006
40954.4,-38.0418,-73.8004,22.8823
23221.7,68.6981,9.41299,4.75866
534612,234.845,-58.9221,127.65
51285.1,3.71497,-20.756,2.61469
36556.6,13.2309,7.873,118.833
92229.2,58.4155,94.5832,-3.91825
104272,33.0285,34.7437,96.1476
231442,30.6315,4.303,-101.483
90611.7,65.1532,24.1447,133.024
41701.7,43.2047,38.0533,-35.4378
465667,105.27,166.82,-42.1551
217448,114.879,25.0801,-19.6574
251013,-3.40966,-30.4111,-27.5573
236910,72.8413,64.525,83.878
118779,-37.748,21.4052,50.3794
230900,-20.7129,-101.768,-21.3015
230071,88.7361,36.5264,32.8703
59564.5,-10.898,79.3654,-17.3955
337764,-91.2261,-33.19,116.39
870540,-12.6485,188.174,210.673
164188,4.71657,57.6539,-43.1445
122160,43.8537,-22.1864,53.0595
26182.2,-46.8597,8.4307,36.3709
105013,117.192,18.8982,-7.19563
115592,146.578,28.6903,81.063
314148,61.9995,20.5175,121.609
175691,-68.2088,148.08,101.892
535013,-183.728,-101.785,165.82
9674.58,9.70618,23.8391,73.3043
284286,-72.0841,-12.9076,68.6484
3542.89,107.248,2.38309,101.667
26193.7,-63.0465,25.403,-27.2112
173567,3.17772,-60.7455,-89.3016
139783,-121.307,23.3829,66.5358
90961.7,-35.5181,-173.669,140.718
311935,2.16649,69.0769,-144.232
38040.5,33.2872,-12.7284,33.2488
496392,-8.2836,-63.7875,-65.1348
47522.1,-71.9989,-55.0328,-2.66316
126228,-59.9966,172.327,112.685
66011.7,-143.312,0.0958156,34.3599
410013,-104.661,85.5821,82.7311
205174,-67.3808,103.375,89.0508
171759,-39.0326,115.95,-22.7032
146779,56.9986,41.5937,24.2628
2941.44,48.7878,-85.8475,-9.48314
72574.1,-2.40954,57.143,87.9298
282758,73.9598,-9.83707,104.068
163518,95.7496,34.7809,124.608
72974.5,47.541,67.1114,42.9612
486316,7.80467,71.9684,-103.212
42182,65.7943,-73.3858,20.3415
100820,11.8554,-146.669,108.379
2924.78,-39.086,-19.9382,49.4742
472098,4.63403,135.406,-26.7446
554426,-132.182,-59.3814,-148.419
178246,-32.6047,-101.009,18.4802
486784,-63.8869,38.6317,106.583
370351,30.9361,-98.3343,-25.3834
1.10879e+06,269.351,310.42,16.092
127989,-50.1837,-25.8054,62.0555
361074,10.1842,-88.0995,133.056
8973.81,34.1138,-17.1081,47.3898
59352.7,-33.8768,139.823,-124.53
3026.66,-29.7692,-2.59286,34.2611
101893,78.3824,29.8113,70.3326
394218,-17.1451,-10.0246,213.24
184580,-105.512,-42.4842,83.8003
147814,122.051,-11.5272,-105.962
59272,-57.5237,-12.1389,-0.703658
70264.1,5.75818,28.8001,21.9476
111615,51.2167,43.6382,-77.716
286527,-12.8128,0.520663,-25.8502
311630,-191.292,61.0777,-13.2415
164158,64.5236,-11.602,-52.7883
465446,115.919,35.6672,188.919
255338,5.21708,-138.971,80.8827
143087,-119.55,7.33689,3.32185
453352,1.52471,168.004,-41.3021
349329,-78.3714,-29.7362,89.2543
93021.5,-7.63067,-35.3888,165.684
24303.5,35.2578,53.2826,59.4892
302503,83.858,63.5796,-160
73221.1,14.9343,5.61051,12.2887
350759,73.2754,137,-16.515
155129,-23.2757,3.82661,1.07123
41967.3,-47.9613,59.6826,-27.9291
338862,-88.7792,-45.1971,111.734
69143.4,106.212,61.8783,-11.1382
300748,-105.746,25.3468,153.778
140318,-31.9604,-86.5733,-44.1883
141333,-0.627507,10.0695,-47.4211
40733.1,-23.7059,-60.8574,-3.36726
211412,132.729,180.987,105.263
53119.4,2.61462,4.05367,23.5719
190888,-42.2686,-46.0402,0.68431
11551.5,36.5936,-20.5198,4.19039
394975,-17.7817,-5.57484,127.47
545835,19.4245,128.392,142.792
39808.9,-20.0774,-31.3375,-2.71699
58335.4,19.9691,4.3453,84.5454
156832,-36.0888,46.2397,77.1258
92935.5,33.3189,-48.0915,150.459
127957,101.787,-22.9507,68.4166
31074.1,28.8827,27.227,35.7963
346871,-148.446,140.314,216.743
84212.1,17.7577,47.3836,68.1779
150309,78.9618,-27.7391,-37.0179
62042,-5.78356,-59.0143,105.153
161902,-117.758,79.2066,14.8889
61716.7,-28.6885,-15.0285,-120.55
217019,140.907,-36.5958,68.7298
961.141,22.5026,-74.6044,26.5522
137131,-39.8534,-2.30459,145.99
496520,-194.232,99.0352,19.9329
224461,34.6348,99.4401,39.1347
21094.6,-25.9642,19.5099,0.975759
55525.4,36.0644,0.707126,79.6541
74831.3,5.47611,-16.5843,62.4281
222888,42.0117,-115.799,31.1302
100135,-69.9951,-53.0491,-13.2451
226360,-28.0819,15.1105,8.83005
577470,191.401,-14.3879,-28.6183
163992,24.9851,49.6138,78.7595
74917.3,109.725,-87.8659,169.637
90703.9,10.0063,44.2082,27.1539
53512.5,46.842,-19.7475,105.66
156303,131.245,-79.9091,-56.7106
48972.7,33.2805,-31.8076,68.6634
163314,63.7976,117.756,-31.4146
382854,155.034,-12.8744,100.478
57945.8,-166.837,-89.7665,-4.20984
90827.1,33.2026,-10.538,113.263
361710,-237.604,19.6855,111.734
56460.6,9.83804,-88.1978,78.2845
229229,-47.8294,-133.884,61.032
378598,-126.838,91.7758,42.1446
527424,3.40423,104.442,257.519
94871.3,39.8277,-21.411,91.6463
105709,-92.8525,-68.1965,-37.1497
156.644,-56.706,10.0221,114.395
96895.2,-63.874,68.5895,20.1022
102906,-124.399,62.7957,167.128
123214,-32.7087,38.0932,-57.5361
33926.8,-11.303,-100.4,28.1152
31584.5,-12.5358,-56.1137,99.6538
274794,228.352,17.4579,58.6428
141164,17.0404,93.8744,47.4529
112653,-20.1204,38.4949,-44.0048
245149,-31.8753,59.4245,111.73
485306,-207.914,-119.305,224.13
332077,79.8521,-9.69431,75.6506
301132,-197.113,-52.7853,42.9423
130949,-42.1578,-27.1938,56.8606
204353,-102.867,173.071,10.1142
676005,55.2314,138.852,171.116
294031,31.2152,22.6815,-86.4378
427.164,24.9438,23.6226,-100.322
83100,65.2066,54.2837,54.3691
301751,-22.9276,-114.966,-21.9417
97241,85.7491,14.4335,136.18
80127.1,-2.67007,33.4273,0.592183
22271.3,67.1755,-81.2993,-18.9827
455094,49.4836,15.4469,151.196
75250.6,-29.7358,68.7872,122.906
217406,42.3275,-8.88216,17.4947
31820.8,-46.9385,-62.4545,24.8137
158606,125.338,133.075,56.6299
276639,9.34406,-158.435,-65.8258
138596,-20.8143,-57.5784,-40.2782
6407.06,6.43629,-25.139,15.1815
93174.1,51.018,90.6376,-76.9451
69194.9,-42.5553,-53.9327,-20.3665
258510,-163.444,-98.9776,202.704
132229,-9.3085,103.376,13.1628
7880.25,62.2897,-1.82026,4.35038
202263,-32.7194,165.982,-25.6186
456493,63.9993,-88.9317,47.2568
703240,6.62271,90.4984,92.8993
135246,36.541,80.7215,81.2376
55405,61.7956,72.0083,70.146
129868,123.125,-40.6854,6.41567
111270,-74.9689,72.8246,177.721
31333.8,11.9144,170.332,103.824
53081,91.3028,16.3841,92.8738
156021,-62.1469,-145.686,-70.3751
337851,106.3,-81.9927,128.598
260315,40.5362,48.6533,-30.0556
1.2599e+06,-87.8263,183.18,92.4849
104883,56.3271,-30.6077,32.9536
61621.2,61.9515,15.5088,-23.9153
342911,30.3697,60.0722,66.2906
142967,-51.863,-51.7013,83.8373
158519,-17.067,59.1105,14.4808
47488.7,-17.3628,4.17452,-63.9848
935456,-27.0592,-98.4697,371.535
51676,-69.2845,-110.462,-44.1319
654090,50.6522,101.138,85.3457
116882,33.0337,-117.709,13.3243
299104,-52.4377,-69.2896,18.8888
92496,-14.939,-27.2227,23.9788
141657,37.5179,-76.6742,111.488
352581,-72.8117,-41.5387,121.167
141625,133.138,-81.121,-36.7015
283163,65.3644,-127.006,88.5647
487442,74.7342,185.27,18.1205
210271,18.7775,-66.173,-69.2101
596544,23.3897,145.517,-6.15211
221542,41.4419,-72.7713,34.2849
61804.7,-26.5714,56.1696,-3.07914
307750,11.1913,-110.466,-1.52943
179289,91.9218,-61.8466,-75.5459
729245,134.987,-22.1899,244.711
401207,-154.807,-71.0454,-20.2278
92383.3,-23.0181,-111.777,0.992485
53203.2,38.8919,16.2831,-0.606387
147872,-54.342,4.68115,-196.405
286813,-45.6526,-58.4339,-41.4082
79387.7,-58.868,-74.7629,71.7898
324681,-55.4533,36.8067,166.133
90538.6,-21.9003,2.80493,12.2759
221531,-19.9074,-105.762,11.2662
76788.8,-72.0668,-117.293,140.997
27229.8,62.0144,4.76766,-22.2112
1.16688e+06,-123.54,77.3187,-159.82
51875.3,-37.9777,22.455,167.363
138765,-4.86375,134.822,-66.0012
56597.7,-56.1141,28.8165,59.3126
503682,28.7279,152.624,-183.787
82890.5,-3.14302,-148.502,62.8838
59562.1,-5.64629,9.92616,48.9222
90403.5,11.2079,-37.4946,37.9157
63577.2,-35.0216,-58.1587,-54.14
50662.6,-61.6783,-120.857,45.2866
3485.99,-23.9416,-27.3503,27.1005
235119,4.97257,64.9492,103.837
215690,169.156,-101.457,128.327
15011.3,32.8747,-51.6973,55.753
84467.8,48.8495,68.6155,-3.71379
115031,-1.20985,-50.3686,51.9237
48616,4.20047,93.4573,-22.1093
125309,-36.8984,-63.896,110.415
8858.67,-92.4366,-14.9473,15.8158
20648.6,34.4798,-3.86662,15.1628
6559.39,-94.8639,-21.7474,106.882
625636,52.973,21.622,-116.84
665001,0.539912,14.966,-137.798
45026.1,26.6763,-28.1376,15.8285
526583,166.524,-167.732,239.094
308835,61.3825,-18.1913,106.59
43975.6,-100.053,-199.302,59.8838
21551.9,-89.3706,-10.449,53.6361
63372,29.4333,-40.3463,110.305
125448,-26.0214,17.3391,107.523
63274.8,98.822,-5.37388,49.0067
177618,-24.7464,-55.2629,122.677
317662,87.5672,86.0801,-18.5497
944917,64.6501,-285.478,318.085
153064,184.465,43.1249,35.3366
63190.1,92.2442,-67.7204,-30.7838
27616.9,-50.0419,-9.45855,-51.1824
247905,-51.3987,-80.1073,-110.897
227240,-129.541,-109.403,14.7453
229628,-70.1846,64.0155,-15.7938
251320,-105.441,53.8017,-41.7048
150558,29.1375,-26.6453,-60.0986
272592,28.24,-86.1045,-108.054
48352.6,-92.3845,-36.4469,22.3995
390745,-133.734,-33.9685,217.412
196357,-44.5764,-16.5983,18.3811
160065,-57.28,-151.433,163.946
319388,-118.952,-79.4038,-135.337
14233.5,25.5661,-41.234,-1.90256
223167,56.7272,-119.582,218.421
3940.35,60.2537,7.77853,35.5793
252999,135.964,-117.22,-23.2885
156089,-127.114,100.224,2.45224
255006,-72.2739,2.95499,144.125
1.03385e+06,-100.178,-97.4398,73.7751
207403,205.168,-78.456,-62.3408
83177.2,-137.509,-26.7697,137.22
157683,-8.32356,66.1084,-15.0275
44896.8,-53.9663,-174.486,27.4867
67205.8,0.249759,6.16869,-15.5905
122258,122.021,-91.218,130.176
143364,74.3366,-72.9453,28.831
79450.8,89.3619,-77.857,180.447
45456.7,-7.66636,-291.259,-107.923
41692.4,29.363,-86.7018,39.0178
169475,65.5001,-12.5264,-49.0809
19177.8,29.9085,32.8292,8.5315
101593,1.21725,49.2631,2.77248
48736.6,-8.73281,13.7566,26.3294
475340,162.662,141.796,-73.6094
161087,-71.1565,-98.713,-64.345
29333.3,-35.6759,74.0087,21.9588
200502,1.30648,86.8854,23.4097
315190,-21.0092,6.6832,-7.76271
170959,-26.0171,-101.913,-65.8326
207881,-13.6735,38.9314,198.337
16963.2,18.5108,-21.9056,-31.5038
366275,-78.6334,43.3902,-77.8281
1.05742e+06,-28.5926,71.8752,-102.955
697543,219.225,76.6837,120.945
99073.9,49.557,-16.6214,-56.6054
350539,46.8282,-57.3703,-55.9281
121095,67.2792,-76.6775,-41.0237
137965,0.760876,42.5672,-2.51024
93792.9,51.2433,-154.244,-3.72794
489121,-97.7616,37.502,-122.221
292533,-150.821,-40.5009,98.4267
267880,-228.821,98.1191,8.20797
581498,-101.535,-18.8935,203.855
214557,-4.98996,108.287,-25.6965
521545,-127.685,-189.395,72.7147
42974.7,14.0093,-79.3744,91.4223
55905.3,-55.0184,26.1487,49.2911
419671,-162.364,-82.9731,103.491
66804.1,23.9459,17.7928,-6.12682
58802,24.3888,45.3902,166.088
138073,30.3002,-13.4568,41.5951
127846,-88.3789,51.8741,-30.9729
236075,-54.3778,44.6052,41.9234
114169,-68.6868,-65.27,18.2162
348417,-143.711,82.8185,-3.36464
552031,29.8383,-32.1272,-55.2653
255900,70.0469,132.341,-15.291
55022.2,9.81122,0.268291,-24.9793
85319.2,22.0222,-61.0735,55.98
137684,-21.0059,11.1509,-28.6376
186155,-20.4137,-19.4788,39.9578
20921.4,89.6652,36.897,69.4704
28428.9,-6.25192,10.4238,-20.8559
312573,-193.799,-30.8038,-19.9565
298226,-191.657,-2.24919,-69.8612
248839,41.5005,230.905,126.645
408944,-172.57,133.158,160.525
144798,-71.3343,-40.2051,89.9118
32932,6.70084,-1.02139,161.418
196393,26.7593,34.6231,126.251
367894,35.0009,248.015,83.9091
52832.5,-55.8413,19.6199,58.7234
643271,-75.3559,-44.9494,1.39033
292431,-142.563,-106.327,88.5499
39540.7,-44.0072,56.6866,136.673
15982.7,97.4018,-43.8511,48.8377
212.915,-4.37887,14.4424,41.4119
127642,-1.94692,-62.0443,73.2844
142220,-51.4154,44.346,26.2901
538529,-103.879,44.9853,33.755
199695,-131.48,64.7554,197.278
317392,-36.7871,127.89,60.7544
8377.64,-7.0161,-65.0591,-24.8786
126642,-92.1074,-86.4069,4.15709
242692,-8.645,-213.932,108.109
69067.9,-24.3167,-43.4037,125.123
17347.9,-39.025,57.216,-104.514
928910,2.60292,-198.177,208.499
224207,59.4247,-37.2594,-47.1352
362255,47.3778,44.5351,-63.3046
115130,-15.5124,-117.058,-30.9639
387623,-115.82,-41.3371,-182.798
236825,106.336,27.2056,96.5721
493892,-23.8766,-14.7463,-119.297
450810,86.4327,104.193,-36.7027
102965,40.6295,36.2753,79.2582
200717,-108.823,177.273,18.8708
48004.6,102.884,-5.69123,-62.3046
154291,-62.6133,38.6423,29.0393
73203.9,17.225,-2.97443,89.3091
56293,-3.35362,-144.789,107.448
685856,88.3627,-220.19,-71.0092
210138,-56.3473,-2.01445,-116.824
92055.4,170.915,21.6973,39.142
143143,21.6237,94.9167,-138.109
95919.5,30.1768,36.9867,-76.1039
5198.32,54.8229,49.1602,30.4349
154933,27.3094,83.3718,-28.6329
2884.6,17.1711,96.5133,-8.32556
343640,114.569,31.1006,-67.4941
2360.53,-2.07375,13.0811,-51.6923
45080.2,79.2774,36.7443,-19.3125
87556.3,51.9465,-34.2961,87.8262
496181,65.6837,-15.6806,53.0402
113168,-34.3113,-1.94651,41.1857
309265,52.1303,-66.4367,-147.852
262563,-22.2231,102.975,3.18981
452386,-10.1321,80.691,81.4856
162069,-5.80018,-119.448,-7.81296
89056.2,-11.8579,-36.3748,-30.2062
168996,45.5248,-69.627,59.22
577165,-89.9345,-159.861,-18.0076
7173.43,6.9426,-6.37639,-60.9492
103728,-56.024,-15.8222,-55.4653
57153,22.7913,-68.0788,-64.6129
195450,54.4844,-17.2514,63.2861
215040,36.4494,-46.5704,39.8373
6536.67,25.7398,40.9337,49.4178
237284,54.2371,-157.912,57.2657
122670,-52.9027,55.7796,-50.5797
527202,-82.8932,158.573,223.824
32932.5,1.26187,-2.94136,12.4926
44872.3,-0.780947,-1.78229,-57.933
23791.9,128.264,-28.9305,6.64512
2680.29,6.38856,-48.9931,76.5419
160551,27.7522,48.7461,47.2162
1.10047e+06,-105.965,82.1211,216.183
520053,127.752,3.59963,223.421
91224.6,5.13378,-109.682,-10.45
262176,-0.390556,-43.7161,96.6034
431263,36.212,-85.866,-64.2997
91746.3,-35.5875,-86.8771,-19.6719
77266.8,-55.8162,-7.73133,5.31409
367214,43.538,52.0996,36.0134
53399.3,-101.382,-6.36668,165.736
127794,-3.11385,51.7393,116.221
202385,-93.045,-43.4269,19.492
487838,-26.0567,-35.673,-142.015
69339.3,70.3265,-9.16023,26.1257
34819.8,8.80231,-15.7698,44.921
115764,-51.3016,47.1365,109.456
16635.8,26.8836,10.0963,-5.56497
89593.4,-80.7999,80.0747,2.09991
221201,-45.9826,32.799,-31.4362
70972.1,40.1299,-49.3656,-45.0685
66006.3,24.0544,9.2683,78.786
241594,-144.581,-51.245,-67.2882
331371,46.4024,-27.598,106.012
65395,-75.3024,-47.4149,30.1237
136445,-41.8775,19.0171,23.4246
116933,-120.283,4.71789,138.393
312249,119.29,85.405,15.4184
54543.8,10.7957,-11.1724,-12.2819
306185,-51.6832,-21.0054,66.0724
218979,44.9339,69.1923,-11.7639
22528,-48.5537,-7.85381,60.5528
105115,-80.3869,-52.3474,26.351
36328.8,-10.9522,-7.93316,-5.01767
667859,-54.684,9.59689,-213.028
613669,-256.148,-27.5012,-78.967
142509,31.9125,58.6692,-60.8383
248924,-68.9941,92.0152,-89.8322
57446.2,83.746,-34.1424,-40.4268
105667,67.5378,124.735,74.7531
143205,51.9991,-53.3428,78.5458
34639.7,4.87954,-15.5481,60.2459
19675,-20.1314,-19.938,-4.97763
212887,54.853,62.0431,-118.279
18071,0.828283,-50.0024,33.5571
257261,-133.066,-78.2869,83.7871
121635,34.6171,-157.195,-13.9281
51580.2,-60.4128,4.6226,38.4426
168076,-36.4895,23.9959,-11.505
295535,-18.0396,-47.6491,-62.4763
8458.26,-7.48484,-8.01489,-50.6123
57253.8,-35.6099,3.76548,-45.4417
457010,-95.4692,214.364,2.69126
127762,-46.5861,-12.0934,18.413
15728.5,20.6964,-59.4112,-26.0601
132767,24.3796,71.7658,57.1609
476278,-25.1956,-142.537,155.263
19879.5,-43.1592,-83.792,14.4495
41127.4,-79.1672,25.6339,-48.5413
94657.7,-26.2706,-208.35,73.7381
189000,-105.162,-28.9646,27.8161
20737.7,-26.0794,62.8,118.602
143257,-57.0167,117.281,29.1902
24069.9,-13.846,40.0807,0.20226
34907.2,-58.5428,-50.5829,-103.501
28989.6,128.113,48.6629,70.5654
79177.2,-91.8655,-53.0468,3.94396
788490,23.6083,66.8492,-66.0501
198541,170.953,13.5866,15.54
29000.1,31.2937,-20.4866,34.898
73314.5,14.1805,-44.0902,99.6978
158509,15.3481,-67.1655,126.178
361552,-1.68092,-4.21095,14.9389
243127,-67.4902,-123.08,49.1477
270462,25.8493,44.1668,86.7456
50351.8,-60.222,-10.3547,112.009
566084,76.1078,25.0964,14.5754
112297,76.6044,48.206,101.387
219799,10.6856,-47.2858,-70.8228
268945,-96.7324,-48.1737,142.453
505359,-92.6679,-11.8112,0.0898146
4653.19,-42.9836,3.57087,21.4747
52821.1,-68.0429,103.525,49.5101
40371.2,-8.59409,-2.48224,92.8971
292865,17.5722,135.254,46.8157
140548,5.65706,95.1388,-6.4401
101519,-108.384,-7.64275,2.38518
343368,44.4545,-106.528,10.3179
165745,-26.2875,-48.4348,-84.4864
110988,51.5221,-24.6167,61.3856
21762.7,24.1512,41.5517,-47.2487
11857.1,-19.7534,-73.2553,122.266
110849,52.1521,16.4586,125.153
84.9426,28.3814,-43.7022,64.5782
401512,-114.595,155.201,-29.8662
529878,24.8049,3.3518,-42.5519
212942,-9.63416,-67.4947,56.0178
63160.6,-75.2565,-27.344,75.0572
737980,151.635,-71.4729,-72.0361
812558,42.796,-35.8368,108.477
6361.54,-32.1991,-91.5227,72.0321
559008,149.526,-19.4297,6.82708
43935,-33.4742,-44.1297,-41.4467
37587.9,-53.674,-87.4025,-27.2882
195920,-23.8869,-51.3662,-129.298
487016,107.927,-116.3,-86.0608
143281,2.1108,-64.9454,23.9834
89236.3,-32.6211,-70.1203,0.503435
599231,158.53,-68.8093,59.3354
180212,31.8862,77.6157,55.1649
127037,40.7392,-19.5467,35.6668
181478,76.7733,8.65248,192.232
1.07495e+06,-76.0449,-96.7645,32.166
79039.4,-38.5822,-43.9112,140.649
450579,-4.7173,-138.275,-10.5973
89966.6,55.0892,-101.457,-64.0664
379453,-26.6559,118.058,12.4756
148606,16.0496,-148.616,64.5492
173063,-83.7741,-1.67758,25.8293
8020.99,-107.324,-1.72948,18.4876
2150.88,25.9149,15.3857,11.3511
290241,-66.7893,-97.4832,95.537
214440,46.3172,41.7532,-84.7077
194234,14.9318,31.3555,182.163
87026.6,-93.3803,-19.641,-31.255
79147,-66.4281,-23.1152,-13.7889
571132,136.28,72.2734,39.7031
107655,-60.0913,2.65165,-33.1461
19304.5,-50.7366,-16.6999,151.713
193240,-38.5954,-35.462,43.5991
418342,11.7118,-94.767,-73.6761
32917.4,22.5267,7.33501,10.0128
348613,-151.223,-61.7573,30.7972
233450,186.685,-61.5909,-10.8663
78860,113.589,-48.55,22.6148
340195,-144.402,60.4284,-96.6954
342037,74.4099,-26.7737,117.156
278128,-78.4562,30.3339,126.647
640698,88.9735,20.3218,61.1248
369160,-14.5002,-22.477,156.657
36191.5,-78.3206,28.6971,78.3307
315353,62.7201,125.482,-94.3548
269801,90.7217,-10.0778,-6.13876
102644,9.56338,35.5905,32.1862
13106.6,-2.26472,-57.0961,39.6518
30751.8,-15.4217,-40.9819,-45.7843
186274,-124.106,46.1145,8.9132
86773.3,-7.80401,-44.8924,222.648
1441.62,11.863,-74.322,15.3015
148748,-13.633,-70.2648,141.231
148087,-73.0804,17.6872,-6.73749
35347,31.4117,58.0144,27.4914
283566,-87.8845,-74.7693,153.698
169835,85.1845,-106.941,31.3644
59956.5,31.7861,41.8915,-3.70479
3318.74,2.18371,1.08678,-68.9174
38763,4.88695,53.0173,52.2526
130102,18.8512,-24.1092,-73.9186
112186,36.5767,-61.4052,-87.187
72224.3,-34.9115,-54.6787,35.2403
139166,-2.77599,-32.1494,-29.2835
115629,-59.3121,114.191,91.4577
89981.2,-40.3726,26.3977,41.603
28690.6,-7.22983,-15.7087,-4.24082
415892,22.7102,52.5184,-45.5633
53709.5,10.4805,-20.5733,110.259
35791.9,-30.1021,-18.8502,157.26
157487,129.359,-127.557,-18.6651
113051,54.0217,70.2427,55.9875
541335,171.159,46.7184,90.1018
909088,-4.42075,-20.434,-48.8264
480923,-74.0236,99.6815,1.73121
310715,42.473,64.2508,41.9661
93465.6,11.8532,-90.5655,-59.574
160664,50.716,-28.949,17.1159
223918,81.6786,5.1037,52.4591
52113,24.5505,45.7201,104.557
82170.9,-119.413,2.88066,5.72434
294227,4.36026,-31.6457,159.24
96127.3,121.385,18.4872,-14.4671
145892,57.7647,-4.50255,-39.7849
116485,2.84219,-35.7543,-63.4994
223373,-122.561,75.7484,89.7564
231777,-125.888,-4.01725,64.7615
1.12767e+06,-137.244,39.1013,-236.467
72946.6,-73.4985,28.6876,11.1195
71229.1,-38.4562,-48.4863,188.863
54078.3,66.9997,-11.0764,63.6077
49775.2,-76.4658,43.6754,-2.06777
25839.5,11.1335,-61.9174,16.8643
85084.4,-23.9454,-3.63956,-25.0791
55893.6,-45.2315,-41.8349,-26.241
294128,-32.491,37.5305,25.3167
501316,96.4036,42.3674,-73.5235
693464,270.252,-120.877,33.0034
363139,44.6473,-159.048,17.828
439404,80.7249,2.94345,32.5583
70089.1,66.5874,26.1873,65.1674
116086,19.534,-59.7286,-50.3222
257757,2.91491,93.9956,177.731
171012,-73.6841,73.8891,190.932
171956,0.888856,-92.7131,-55.9901
78892.7,-13.6611,26.9689,-12.6364
12335.8,-27.1915,-19.2729,46.9861
181121,83.4441,18.1242,7.06323
174239,41.0929,101.572,-2.52441
132423,111.009,-165.566,89.8152
392590,129.638,78.3099,30.5788
174509,53.2173,-24.0622,128.761
171247,10.0424,-82.4674,-110.04
20486.7,-35.9236,5.02435,11.993
115514,-3.82812,22.4431,103.463
225941,-64.7874,18.787,115.189
850523,105.435,193.829,-109.87
595657,-82.5505,-147.795,-170.376
27315.5,-19.1144,-17.2552,113.231
669803,-293.134,-170.952,-46.9814
227330,-62.6522,84.9147,62.9292
406163,222.242,-20.2019,61.6489
246156,112.47,-36.3841,-63.195
762844,-151.574,-87.9535,-233.156
119909,37.7176,-41.5841,-0.335929
530743,5.74331,-3.1377,-57.1627
129307,10.4172,-4.39695,-6.86755
76516.7,-79.9008,25.1805,-13.5114
90432.7,-11.8569,-68.8397,158.596
368442,-37.4384,135.915,88.1697
193714,51.4397,75.5303,129.216
16072.6,-38.9889,-3.31252,7.20607
171744,-39.1923,-1.83523,-24.6436
185620,-85.1621,-76.1913,130.461
52817.6,-76.4379,-66.5809,18.4601
222646,46.994,77.9032,78.2733
754698,-177.948,-170.9,49.1561
155395,-24.7886,94.6976,79.8583
46114.4,18.35,15.1116,57.643
2056.72,-6.35413,-0.0569732,-101.904
9099.18,47.4995,-69.2923,100.431
37678.6,-82.0102,75.8669,-20.6188
949362,311.7,-46.9809,191.339
69086,57.0224,-33.8354,27.4449
56231.9,34.369,41.1815,5.91928
538390,-84.7116,26.493,-21.7717
114687,-7.33253,62.6752,-23.255
61581.3,60.4494,23.1431,-89.8161
303596,-32.8103,84.0577,123.728
454914,-46.1343,-31.3493,174.929
400469,-28.0347,53.5029,-40.4197
270140,62.9489,-187.468,54.9784
131419,-59.4256,-6.57715,2.74811
43779.6,107.3,-18.3147,115.598
6530.84,12.4847,-6.8065,2.81433
329222,-52.4513,-78.3439,-93.5934
307695,47.0673,-90.3466,84.9234
134240,-23.9583,3.85383,19.9132
424797,94.8342,204.576,72.3839
263073,7.34964,-24.7937,24.6321
225268,54.0175,-65.5927,29.6593
205682,67.1396,79.6431,78.0873
204589,-78.4555,67.7905,124.362
333940,-75.5921,40.4837,7.93599
238088,34.7554,-42.7318,-65.0015
231181,39.3034,-24.5089,77.5646
373573,15.8151,-286.756,27.9866
49203.5,-2.67851,119.59,-62.5162
263.836,32.8879,65.9469,13.1583
287883,-94.1168,47.5531,84.8995
275706,-182.376,-33.871,-67.7893
52090.9,-2.28588,32.242,-70.2693
4734.56,6.81064,22.7202,-34.2431
172783,-34.811,-36.3851,119.754
135868,6.23531,29.905,139.437
161660,101.55,-35.2126,16.8544
158152,-9.34919,0.44111,68.6878
46004.4,-68.6715,36.9261,-24.0745
28399,-16.537,54.7397,-28.2671
68625.2,109.732,46.2824,79.1314
210589,-2.55564,111.842,180.535
16503.6,-41.5255,48.1884,53.0451
132446,53.4065,-36.6302,-53.3583
14452.5,-87.3409,2.65194,-23.0551
677176,109.095,106.805,-31.8788
206116,-70.2152,-63.5454,42.3802
38664.8,16.9512,-75.2757,80.5507
205749,-33.388,-41.3319,-16.5208
254323,36.2203,-64.2982,47.9549
13155.4,18.8945,-9.71306,6.79712
175466,124.853,68.0454,-27.9785
288805,36.3772,28.3627,80.1138
427169,10.9621,-31.9289,-158.452
147302,-34.0273,-51.5225,-137.088
651615,-128.903,-35.1652,-12.758
17492,-27.0991,-68.612,36.3938
76864,-81.3673,-40.1673,111.939
997.021,25.0828,0.54102,-3.31198
985393,51.0492,238.573,-135.67
623342,-35.5311,-90.279,-9.96352
119601,109.683,13.1496,-33.4504
167295,-37.8411,-119.724,82.2324
157333,32.8699,27.5173,-149.896
267706,-94.3575,9.66629,113.944
178460,-38.58,132.798,-32.6063
293266,66.3681,116.53,-86.1489
724601,-86.0863,-256.444,115.144
163585,53.6842,12.6285,43.2611
46239.3,4.57275,36.0668,-49.1013
113980,24.3016,-21.224,-5.22622
101889,-19.5114,28.2943,62.3771
34277.4,10.4303,-30.7123,72.5746
131921,-49.8458,-52.503,-5.18078
23388.7,-144.339,64.4463,43.7341
8324.21,8.51775,-17.458,69.8968
483911,-94.3302,14.7298,-52.8766
21587,-31.0447,-94.5602,71.833
274004,9.93858,97.5308,58.9659
266608,228.429,162.364,186.203
87232.6,8.54963,46.9848,3.97179
89102.9,35.1588,53.2104,51.5095
23543.7,-30.5468,34.9495,67.8894
296162,108.992,-1.55135,-48.9235
72289.3,1.57888,58.2099,96.5731
156909,142.986,99.2106,40.6347
202368,16.8825,37.2799,151.88
20268.8,-4.43391,-31.9953,7.51263
206116,-39.2507,-52.892,34.95
443762,-153.152,16.2024,59.3817
309930,-112.365,-6.47054,59.1164
21698.7,-10.1671,92.8753,-17.9643
177507,-6.61759,94.3182,73.3708
1600.19,22.3047,-7.13605,4.09847
148361,5.09584,-23.5007,107.038
3447.54,-53.8034,-41.0264,-78.5152
286380,62.0642,-113.867,35.8574
203359,17.1513,-29.7415,-5.16544
2483.97,14.9839,145.794,125.687
246532,-147.351,59.5632,99.8947
352901,-98.5922,-10.2379,87.1526
80668.5,-50.3861,-34.3436,56.4226
37317.9,-31.3234,99.7888,46.3831
3777.37,1.10235,-53.579,-24.7807
133480,1.93975,-50.0759,31.9225
449633,-77.7299,68.7092,101.498
29060.6,-22.7477,15.0286,53.7982
281986,8.06543,1.34022,82.8391
259362,16.5195,-250.754,-5.60331
6115.37,-10.3631,35.1021,12.6586
35685.9,65.2398,-39.0321,148.815
598844,50.0055,59.3438,82.5408
431877,59.5993,35.2066,138.559
31062.7,36.6264,47.6106,131.069
130256,-102.487,87.8174,-44.8119
399148,-92.7935,-146.703,138.706
292239,5.15647,-32.3801,-4.68627
502882,183.259,-129.313,-9.32067
309857,-8.55037,10.5196,-6.62714
215668,77.4549,4.38022,49.7575
571955,-9.75158,49.0342,-115.504
56508.4,-8.52703,-8.66065,2.59952
551564,-157.048,113.007,5.765
30275.7,-6.72917,123.747,138.209
52072.2,-17.8381,-34.3447,-18.7603
331133,-28.3053,-109.963,77.2158
48357.4,-92.6735,-61.7244,17.9965
85281.1,24.689,-91.5061,-44.7066
6517.2,85.3956,3.56427,18.8827
53223,-0.891443,31.0004,81.9841
3442.94,29.5256,-76.3465,77.5435
193788,42.7749,16.9357,31.5026
121528,78.3209,-30.9127,49.4137
405222,43.0185,-39.6519,95.6557
403538,130.894,80.0812,138.281
529023,-2.82316,-26.5544,270.665
200630,118.217,-71.295,157.229
190140,1.89019,33.5186,67.8823
217429,-1.47541,45.4751,-40.8987
254509,-119.336,94.972,42.0872
180865,-66.8312,36.6103,25.0524
47380.6,-52.5303,15.6639,27.437
116565,3.23186,8.46573,97.0024
306613,-36.8438,-14.6583,44.4013
14808.9,20.379,-41.6165,-64.4025
1.54003e+06,109.045,130.697,10.6136
365123,-38.0134,93.6194,12.2735
1.38873e+06,65.6279,314.399,-85.5528
402241,26.7661,-48.5492,32.4035
39484.8,68.321,-176.714,-66.7697
97281.1,87.6018,65.1999,-77.703
30687,-56.4335,-15.7014,50.534
7044.75,1.53182,-11.1778,42.7762
406681,0.442665,191.046,63.5166
82557.2,-42.9337,50.6859,3.27508
372457,147.686,-9.59602,77.7882
110375,1.77079,49.9041,-86.7253
182905,65.5763,-24.6182,-135.212
224705,62.8804,-145.697,17.1865
74629.8,55.2526,43.14,98.8489
56378.3,4.35142,17.6095,-61.2725
63974.3,-48.2335,17.8692,51.8797
69223.2,-118.168,65.9821,15.1129
51122.3,14.9702,45.217,53.3228
147402,22.4335,32.2343,64.8004
1430.82,-14.467,1.8598,6.39566
306029,26.6168,-16.3926,217.989
78370,-81.903,-86.8272,105.692
90562.5,66.1077,156.01,-133.199
131033,-70.6231,52.8674,-39.7204
72587.9,-32.5118,0.0286256,-67.7964
23726.7,27.1213,33.579,27.5963
102410,121.099,-121.718,-9.71197
51468.7,-10.3715,-15.224,36.8997
26538.2,11.5662,-56.0309,54.1095
555633,-125.031,-9.5426,120.218
74195.9,-7.18024,-1.34154,-13.1034
617537,-11.9047,57.0811,20.6309
95536.9,-76.2376,35.7097,77.3726
192253,-82.1082,-104.403,-0.415017
34185.1,-20.2632,-8.66368,4.59876
137052,26.5734,19.5662,57.9303
70734,-22.5595,-26.9387,11.7913
137467,-51.9281,-121.427,-103.303
437480,-88.8066,82.0119,-8.42598
22002.5,36.5418,-50.9742,-8.68768
695364,-51.1794,32.7832,157.112
91928.8,-19.5604,-31.4688,65.6793
290332,87.2931,40.7305,-65.1759
257.043,-4.72578,1.58516,8.17917
35145.5,-2.95889,51.2491,-15.6874
55877.1,-4.36607,21.69,90.5839
487019,-110.996,52.9709,202.109
274134,72.4213,-21.2169,83.3828
302284,122.184,78.8889,43.4949
210228,38.8141,71.3952,-28.6164
94818.3,9.70758,56.6066,44.1445
36905.4,37.833,17.9143,21.4409
336257,19.3803,-52.702,66.9465
174354,17.4599,-6.89185,92.9623
257342,-18.1664,-5.25515,31.3502
61261.6,59.2392,-27.7792,113.396
43542.6,-134.925,-133.844,-101.561
50555.4,3.05178,80.913,13.7901
13410.8,49.4887,27.0194,-12.53
55713.9,10.296,104.189,45.7622
172297,-22.2634,-66.0951,57.6413
359992,174.401,87.435,238.333
284623,-57.774,108.793,188.983
503699,-69.5912,41.7794,177.989
223001,-72.5228,4.86467,90.5044
66643.8,40.257,-22.9176,-6.48904
272765,-51.2152,166.749,63.1078
72263.8,-0.442696,142.564,81.9598
133936,-60.4795,-73.5979,6.24561
236259,5.94202,70.889,-30.6338
146907,-112.77,87.7779,64.8221
32904.1,14.4566,17.8377,11.0294
33837.4,-3.63948,-23.1559,39.1447
424987,22.0085,63.2888,-18.6166
89850.5,-56.3838,12.1569,178.802
43080.4,49.8535,-9.16147,9.41914
91395.1,-1.2047,59.1292,17.8661
224147,-67.0501,-76.7039,78.3219
60855.8,11.4516,24.1212,-258.817
2397.83,65.2355,0.938443,44.53
15253.2,-5.64018,3.67547,105.784
76804.9,38.5194,-49.4629,36.315
131012,-5.22624,83.2319,-112.353
177904,-165.197,54.2458,-133.836
84640.9,16.161,68.1144,53.5167
72691.8,-38.3621,-62.9364,93.2667
173566,-50.1241,-10.1636,-24.1558
98499.7,60.95,-71.0751,-103.023
22688.6,-61.769,-73.9346,67.197
27096.9,-45.2021,-108.734,0.0246108
582921,36.9847,54.1018,-23.8792
196630,-63.6843,-30.5338,136.85
251437,32.551,141.281,-79.0783
57543.8,-83.4704,12.0819,46.605
212224,-43.5455,110.632,134.534
192112,-2.7241,49.3553,112.08
337565,-63.6626,15.7214,109.061
339490,-11.4227,89.5803,-39.5614
52578.6,-6.42403,74.4773,44.9402
305451,16.7061,-45.9196,-62.7783
502885,-37.1455,-86.6288,5.80313
291266,64.0936,147.94,44.2423
318682,77.601,-65.6736,118.983
150886,32.3182,-81.5464,-119.772
179429,-5.89081,26.4924,17.5033
46610.7,-64.8697,52.1571,137.187
319275,14.5693,-22.7324,66.6451
269009,-13.1612,-114.824,-23.1035
69240.2,-9.55457,-62.4201,11.9756
133421,0.978468,27.9061,-87.4835
155096,-30.4376,-75.6701,85.0479
18255.9,85.4334,-103.369,131.278
60236.9,-82.3153,1.62571,18.8338
477606,60.2968,8.25305,136.285
214450,41.3949,35.6406,-80.8259
165770,-31.7501,-15.8621,-22.0275
12590.3,-24.3218,-81.0745,117.391
123055,39.1028,51.6871,-2.69524
381313,84.2423,-86.2231,-160.113
132332,-83.519,-110.138,60.3262
93813.3,93.0168,-1.97929,58.7537
119773,103.076,26.3147,19.3199
56992.9,-68.0088,0.114472,30.6344
20520.2,77.4974,-103.105,123.1
469.533,92.6836,9.73328,154.753
31602.2,56.2785,-133.312,61.169
38333.2,3.58171,-29.9404,99.882
6376.32,-22.2916,-11.2349,25.7112
118106,-72.8047,92.1665,77.0276
152423,-7.26953,-57.2817,137.858
232061,175.204,16.3243,91.6267
15028.9,67.757,70.0558,223.196
349372,-25.7561,-72.2449,23.2564
155590,-2.0266,63.1588,-58.5603
459327,-152.561,237.437,-26.5216
457204,69.5356,65.909,56.538
48684.4,-9.12137,59.7764,40.1361
479904,-88.8278,16.3191,-99.1862
15345.4,14.407,-9.98035,-0.537857
127857,34.233,-10.9964,-39.101
376715,117.561,5.62135,120.006
148546,-73.1342,97.6063,-18.3554
1.56081e+06,-143.241,-283.879,-22.3032
29962.5,-7.37387,-60.7526,102.14
525891,-29.1496,-18.3083,237.239
7348.63,-55.2241,13.0826,77.0054
404972,80.7177,-35.6195,299.495
789206,29.3729,-77.772,-91.0934
199730,-155.296,74.5794,132.817
250465,-13.0519,-20.245,259.255
74120,-6.51156,-29.7894,91.2717
168453,-81.3424,107.03,66.9653
108392,-67.5879,-58.6232,34.1494
132351,61.6178,-11.9424,169.88
316957,44.2564,-66.3523,32.203
41325.1,52.5584,-7.60523,-10.7059
331350,-44.3667,144.723,160.562
25866,144.695,71.4086,-72.4744
365301,-68.668,-56.1806,-38.8619
6396.03,28.663,-21.5107,54.5656
65212.1,57.025,-59.0263,36.9229
74385,33.0972,-22.7415,-1.68715
395020,86.0887,-107.517,131.876
412490,-61.001,150.838,-32.6924
287407,-39.7609,25.9799,-11.6691
34051,32.1694,19.0617,-62.092
70323.6,-19.8188,30.4989,-123.286
432255,95.1209,106.315,129.659
370736,-153.711,-30.9774,87.2494
358658,30.4623,-11.5499,25.177
264242,135.459,54.6726,-45.1319
175792,58.1284,25.9658,59.8231
217909,8.85573,-77.9725,51.2908
425752,-76.1824,14.7884,45.8609
853308,-179.321,56.8367,-120.378
40344.5,-39.6257,-18.5908,67.498
363365,27.3669,56.7752,-43.452
211636,-37.5788,9.45878,104.634
88416.5,-42.0426,14.9867,18.5579
87729.8,36.8866,-78.9596,94.3429
363887,166.538,-67.8033,270.704
68687.4,61.508,137.778,-30.6702
396256,-120.277,28.8457,59.396
163758,110.585,169.972,4.10852
130935,-102.98,-44.4717,-0.368932
788351,-140.403,-4.98264,105.491
18810.2,15.3779,54.2188,98.4553
110391,-48.5489,-11.6639,-43.7638
315156,-38.5321,161.309,195.968
327136,114.191,60.2539,-12.082
88882,50.4819,-18.0972,-30.3433
165494,-102.738,-10.3959,33.8132
27076.7,23.941,-8.68683,-5.2331
82701.5,24.5234,98.5802,26.7033
97875.7,-10.3844,25.4776,17.5985
32274.4,34.3876,-11.9839,-40.8179
77655.6,72.2392,9.60955,-34.7294
353600,48.9725,-121.647,152.617
371228,79.7883,14.1745,-36.0887
282360,-19.1202,-99.4054,38.6126
428034,37.801,-26.8707,87.7707
3505.56,2.37731,4.79004,30.4799
581789,-61.9179,-9.68291,150.743
100434,-28.8562,-28.3255,3.68188
82082.2,-54.8271,-48.9132,19.5492
120914,-21.0266,-67.0631,-90.0626
12594,50.1451,10.058,9.32923
216892,92.6817,24.6124,13.99
247217,-101.611,-69.2016,-128.527
150152,3.70015,-54.4679,113.458
28442.2,18.1319,-1.73441,-1.81416
12936,68.5256,64.3283,-24.6392
176841,23.9775,41.6392,10.0926
15920.1,105.456,8.89593,95.9517
32077.9,44.9426,24.1409,137.845
25493,-13.0547,-22.0251,-27.793
424495,122.385,170.499,-6.10559
68099.5,-51.372,34.4267,42.4204
67182,-26.1984,-106.57,109.649
190044,-1.45982,-98.2635,-79.1357
3173.27,-19.3864,-1.35857,60.2616
613639,-163.586,-23.4728,23.7789
401734,-113.735,61.9349,18.0587
143726,42.3659,-101.616,-34.0831
288606,51.1683,-143.411,-79.2636
153665,-8.39656,-13.4487,53.5284
14296.3,-12.7506,-38.308,29.9929
291749,10.7636,-79.7735,37.4564
309821,23.6133,50.7189,108.622
214680,-79.9905,44.7909,173.674
316716,147.325,19.6808,55.5331
55145.1,-82.7742,-32.2811,73.1651
88726.8,-41.1306,49.809,88.2661
51478.1,-0.0714337,30.8529,114.481
80651.5,-11.615,24.238,-3.68655
45475.3,-43.0385,-30.2758,54.2128
65686.4,-11.7198,-23.9437,55.0978
695936,31.6208,135.566,-98.3889
188581,-93.2421,5.70395,76.1815
38517,33.1504,-69.7102,18.3766
427087,5.75711,-28.048,143.409
169958,-16.7432,7.14061,-33.2114
60474.3,24.7207,-27.9991,-64.0172
481317,110.721,-236.884,163.445
513906,-135.79,209.046,175.76
286432,10.6684,140.879,124.56
304407,95.8476,-29.2434,29.6264
435906,-24.0222,17.8528,132.28
257969,-91.5417,65.7078,34.2724
38913.1,-37.65,-100.2,29.423
72823.3,35.4947,-38.2533,57.4724
342796,103.033,41.4317,14.5172
130172,37.0393,-46.1563,-11.2991
336802,14.0578,-145.175,49.6825
185561,-82.7586,-0.790224,66.4435
188029,0.0390595,83.2968,-137.17
201279,74.4713,-16.0578,44.7712
164238,150.376,50.8303,31.931
99968.2,-58.5651,-15.8746,72.88
172407,-13.8474,-2.42502,-118.547
16327.7,-7.86173,-21.0724,3.89284
156069,72.63,58.1647,132.616
238272,-45.0684,-139.63,100.368
281779,13.085,-89.4608,-99.5123
571147,-161.137,-128.89,102.043
128877,5.44358,34.4212,-25.4986
32363.8,-0.84393,-51.5269,63.7883
165146,-24.3687,3.55608,-39.0819
53652.8,-22.2619,-85.0038,23.9261
286386,-147.549,-8.17623,-107.866
172622,44.6153,-49.6126,5.48575
520768,-154.456,-92.4192,27.988
10651.5,28.369,67.6708,118.447
63291.6,52.0779,11.0214,6.44794
3405.76,-15.5319,19.9548,41.3689
96952,8.6728,-32.3733,13.5222
467549,-64.2181,54.5672,61.3667
45353.8,9.63157,75.5148,-17.4155
33648.8,11.9339,-28.681,-12.0834
165500,10.4455,-11.5177,80.7812
323432,-11.5501,147.624,-6.18334
65597.2,-27.3676,-86.5128,-0.490474
205710,-136.942,-195.38,54.4863
427235,-43.4885,-61.9995,-43.1013
50518.5,32.3137,-62.315,93.3624
51948.9,-9.20273,28.4534,44.425
74515.5,-62.5571,-8.9852,60.7078
192323,-19.5653,-71.0504,111.358
172270,-112.286,-94.7382,93.466
53108.2,1.39116,13.5162,18.4925
521346,96.5944,33.8981,44.0219
236760,1.15497,-58.2571,66.7177
148446,117.806,-40.897,130.151
44932.8,-73.6722,46.4461,146.695
349901,-92.9484,-45.0388,50.5728
21546.9,32.1917,14.6542,176.926
39450,49.5821,-12.2212,-11.3001
1204.62,10.4852,-28.2198,12.141
128943,-34.3568,131.466,-5.74682
567062,-147.344,-73.9343,-69.7092
590266,-161.687,67.9259,101.205
65335.6,-19.9202,-81.1206,124.005
246325,-79.6847,79.5117,65.8837
5696.71,96.7676,100.441,90.0963
232897,36.4818,-11.6071,13.4989
18607.3,-16.3126,10.5563,25.0036
959021,-155.47,-167.538,27.794
409556,46.8451,-73.2943,-10.4727
391.913,-0.819086,55.8963,46.5204
158423,-24.1361,47.0522,-21.5465
48872.8,21.4142,-107.659,45.5085
84736.7,75.11,-14.6137,18.0543
12408.3,56.8438,36.3073,25.7506
88225,13.3233,-45.3752,58.0206
1.40064e+06,139.617,-171.286,-229.682
108435,-80.1957,-51.6917,113.034
25566.7,17.6998,-135.839,22.9993
595525,-98.7244,-136.481,143.981
353236,53.6283,-180.069,66.2758
206690,-130.605,0.300629,129.295
386728,257.196,10.9532,103.805
69099.3,-47.5941,-88.0687,-6.57773
3701.47,36.2352,-75.8536,-47.6077
12273.9,14.9598,-21.8684,9.54252
421191,-27.7607,-4.0509,68.8568
536204,-89.6978,107.728,43.0926
519094,4.75817,38.8249,-41.2442
49182.5,58.455,16.7999,-31.7627
277558,-72.0564,-37.6469,-54.5523
38051.7,-68.4777,36.7692,19.585
324864,76.5255,-222.831,-13.3625
15007.8,-24.5183,-97.576,47.5419
174607,18.417,75.9711,96.8853
223178,37.4529,-12.9337,-117.077
181475,4.5903,-81.9123,28.5051
249149,-31.9731,65.9133,80.495
389674,79.8041,-155.937,32.3137
277798,76.7677,135.879,50.2117
347158,-104.43,114.577,44.8266
100928,-32.6362,-26.9634,45.9844
420295,95.6254,-150.552,-126.28
203638,-7.76588,43.9335,18.4795
55065.9,7.03092,-16.0642,45.532
129848,-5.87342,124.695,-2.46675
11362,9.97657,10.6958,59.5525
72149.3,116.177,-64.3718,28.6897
6032.4,29.1064,-79.1297,46.0377
468826,70.5546,-16.5346,190.15
172760,84.4911,18.2811,-8.35197
105845,-29.2215,36.6477,-28.3919
181952,-175.041,-83.3248,24.4847
46343.4,32.9458,-44.9287,201.285
37564.5,45.53,-20.0085,46.9839
227277,-42.3484,69.7585,-23.9213
243031,-113.718,-160.867,-116.635
293161,-0.350213,-3.5418,-53.9285
18808.5,-6.88024,-24.5056,71.8406
230816,-7.494,60.374,-22.1917
220639,64.745,-62.2352,28.2179
226968,-38.2103,95.8073,96.7137
307095,-96.69,-44.351,-185.913
70475.2,-40.4389,-12.5645,0.12453
8637.25,10.4249,-48.6536,46.0022
1613.17,-21.8302,-7.59295,114.108
482690,-60.7873,-8.2183,81.1746
121739,10.7104,-131.008,-75.553
54933.4,-12.855,-37.0376,-34.4658
717947,-179.072,-92.4537,52.8385
506674,-1.9594,-44.5917,-37.6843
179660,33.7973,-109.593,-13.77
4829.12,104.59,-40.5125,14.4467
34061.7,55.7771,10.0568,44.9082
103556,96.276,23.6554,13.0178
102632,-4.29527,-43.8349,-4.15081
179293,-38.6644,177.233,207.904
296559,90.8383,-0.201077,107.691
355781,85.1485,-50.1364,-16.0883
264028,7.61058,-97.2629,93.8379
88356.9,5.22309,-47.0675,-30.0026
81098.3,25.1596,-52.1191,-1.20501
192249,42.8904,-106.222,111.764
76702.6,-36.9737,31.0813,35.1647
60009.8,-91.7064,-12.2349,43.3978
168838,41.004,-24.3518,13.8224
272833,31.3874,19.3797,27.9116
63105,-22.9116,52.2517,5.87435
52198.1,73.763,38.8861,140.421
206575,-21.1332,56.2736,179.881
375981,51.4485,10.661,70.9208
128593,-40.2788,-70.839,57.912
88655.4,-22.2613,-5.86414,-51.029
61191.6,47.2816,-17.7456,38.7868
