220916,-137.408,52.5456,52.6361
188828,-439.65,-129.787,635.046
206194,-4.49248,-83.5809,55.0276
83728.6,-81.7115,114.93,407.259
44671.5,15.6275,-14.1136,115.13
140947,149.417,16.0728,9.36885
120082,118.981,-213.783,408.358
202311,13.0806,-61.4957,-67.399
17401.5,109.574,-139.045,272.371
414083,172.032,-330.218,-231.209
150454,36.0027,79.4962,23.4514
125716,93.5752,116.283,293.559
438022,9.50392,1.33777,-20.3021
135176,-88.6069,-75.1694,129.025
383581,-193.768,43.0075,-20.6289
485.355,26.6702,52.558,802.672
253285,7.49001,22.1944,179.493
34914.9,-80.8284,69.1169,174.84
31291.5,-142.087,-185.088,27.2551
482264,-28.984,30.7054,151.111
282738,281.058,272.979,108.154
200717,-174.907,46.9816,341.716
195982,-30.7808,-27.474,54.0351
212473,-215.261,-129.714,30.8991
125785,97.5658,157.355,-56.9496
144081,33.6246,259.476,241.839
334170,-17.5284,74.6584,116.16
329388,-200.55,161.389,159.225
110899,89.9045,25.8715,126.43
54888,-6.33621,170.523,213.489
116765,68.0215,-14.1803,91.242
89410.6,-58.5079,49.1006,406.094
149588,195.973,-120.227,290.798
32534.2,116.306,-154.53,233.586
417655,209.714,-89.0413,349.468
8522.83,-309.63,94.9978,-90.3441
112801,32.5335,125.197,206.08
122864,27.0724,181.313,-117.024
386573,192.809,-127.339,297.363
299630,71.7655,136.986,377.092
18656.9,75.4534,74.6215,285.065
61956.1,120.733,60.0792,434.903
145832,-7.22296,-56.5962,97.8447
11579.2,-108.483,0.654364,375.657
60351.7,-24.1238,94.525,55.7939
128627,14.0433,-53.3191,334.99
9584.24,-6.87154,-61.1297,187.715
260421,33.2995,62.5575,261.998
254900,-88.4465,-171.211,184.238
81963.1,-16.7109,-172.714,213.271
91934.3,-266.159,39.4305,-40.7617
60295.1,-61.5653,205.865,73.5915
35037.6,-70.0146,-34.5624,223.38
203135,546.184,17.5249,913.927
116557,79.5345,-97.665,89.9838
401012,-17.5668,128.554,204.754
39088.2,-162.839,-252.963,432.954
106762,3.9466,162.398,517.151
618702,-170.32,-17.8294,109.442
142974,141.56,-24.1649,88.9497
29948,10.8967,105.36,-41.9593
656573,-17.3345,-114.816,-8.67867
203118,-72.99,-57.9329,332.631
429417,5.30602,-165.211,526.56
128795,-120.323,230.37,285.032
305807,87.4716,-48.2611,2.36235
760182,-172.702,176.536,8.17904
245429,0.661255,-156.694,274.617
247729,30.2957,143.776,84.7399
15789.2,-18.6137,-82.5849,249.782
90522.6,44.5258,-182.868,168.201
80969.6,-40.3181,-60.2345,-95.9115
601602,224.218,-162.592,130.452
128592,35.0413,-29.922,102.656
225506,-129.159,-443.409,68.1957
202182,-155.739,-45.9118,112.181
39221.4,62.1512,364.583,70.6507
39169.3,176.645,-57.773,165.344
39226.1,-158.252,58.1217,285.722
224411,-482.583,12.9889,15.7781
1.07354e+06,26.0844,-28.9558,38.6521
685641,-25.4884,-46.1186,295.495
260522,-160.28,-94.6472,270.68
261980,2.34288,0.7177,181.239
102227,78.0766,48.6238,-82.8448
350307,-103.411,-358.229,150.903
158536,2.68684,14.2615,498.456
125867,152.256,37.5873,-65.8723
69309.2,79.1022,94.4166,367.339
677709,-123.263,-11.667,325.323
579144,-17.8239,-266.247,48.8312
485807,-84.8185,-0.603269,98.7681
92253.6,-7.72981,162.594,251.456
375113,91.3854,-89.4674,41.0369
297931,79.4708,46.8283,47.9538
26592.1,-1.57988,63.5591,518.428
129306,-167.338,-216.999,-68.4949
240809,97.4588,-54.099,103.308
303352,-239.99,-26.5926,-195.545
166492,60.8438,-226.769,53.2533
95292.7,-20.7672,2.41032,3.96056
127300,107.727,-72.6633,28.0447
43074.6,105.099,136.474,375.857
120889,150.412,-204.304,157.781
647557,183.909,-102.367,-21.1845
119873,62.6536,-116.947,189.859
49762.3,-100.974,44.365,-144.409
59432.8,51.3142,-159.575,851.047
34812.9,-9.02835,109.227,159.496
8444.7,3.04855,39.6999,-58.2985
231146,40.2118,13.3027,130.558
54306.1,-103.342,21.4218,115.001
110897,119.861,-84.7371,254.635
85054.4,-76.4725,146.207,-31.2236
469371,-155.959,22.3769,241.9
189826,24.2157,-54.9347,449.521
129404,-113.566,14.4314,102.824
88029.2,-2.90419,-37.6772,-24.9603
327933,-32.4181,-115.685,101.248
91302.3,257.657,-41.8515,29.186
116947,98.228,127.832,-61.3777
34830.8,-9.85417,37.5322,270.085
34841.5,158.227,196.269,269.128
137075,205.3,78.1286,236.199
172025,-62.9584,119.443,328.024
304449,-97.823,245.738,163.999
66261.9,113.918,31.9753,104.816
137365,84.748,61.1574,135.256
56104.6,11.4225,8.8958,194.142
69185.5,-464.628,48.9758,62.9854
39030,-6.49151,16.5435,150.007
107559,-91.6156,-74.5278,33.1313
515963,-148.126,123.307,150.15
271368,-125.767,-146.668,395.332
543732,-83.0934,25.0116,309.76
318288,55.0707,375.392,298.862
29165.5,-38.8162,5.53546,177.761
605267,-15.3848,-88.2118,377.452
119119,-56.3151,-368.185,484.459
214110,24.4256,413.123,73.4351
83151.7,56.6362,67.7355,123.428
107379,23.0458,1.22019,288.164
307239,28.11,70.319,63.1532
281578,-28.9105,76.5204,218.568
224029,211.602,195.352,-3.45845
104365,89.0163,30.9318,170.304
99878.5,97.4147,-80.7295,264.005
44439.4,96.7804,8.72537,47.9355
32524.4,165.356,101.807,124.801
22547.4,27.2619,-124.56,496.618
308327,-186.576,-36.6086,22.5181
171708,124.193,179.412,308.602
21829.1,254.271,81.2626,418.3
148276,-94.4458,-48.4564,234.54
89773.7,-35.338,90.7928,43.8933
322959,-231.066,88.2134,167.067
298673,48.422,179.074,265.621
13136.4,-286.254,-179.314,185.968
71802.6,-43.9244,-16.7038,30.0395
153527,269.629,-71.8806,457.11
88885.3,-24.9636,-18.4267,236.334
327083,-43.92,-148.959,220.328
301780,222.576,140.714,53.7239
131930,-52.5682,69.8344,570.911
21481.4,-47.3357,-358.808,627.71
289655,49.3689,-267.514,163.487
42192.6,60.1927,78.4187,249.833
13372.5,-27.8753,-15.0499,92.181
189923,-50.0497,-218.199,40.0362
135410,87.1999,63.2621,-0.113008
54566.9,-52.7143,94.4271,523.742
137763,-22.9234,50.4836,134.422
341651,29.2935,-38.1323,226.688
36222.6,6.81677,-29.934,53.1856
174527,-75.9559,-1.41252,17.7528
430459,218.505,18.695,137.785
388342,90.2016,-85.3642,374.682
64200.3,3.05363,49.1114,125.006
13474.1,29.1526,21.3824,17.3681
76683,-32.7487,306.128,269.522
461268,60.5727,-84.9441,-10.2393
216889,104.929,-179.179,168.524
305304,-9.49705,171.886,186.787
340548,149.587,141.077,-108.649
5394.17,-32.286,32.2394,445.605
339198,-83.2799,160.574,16.2084
54126.9,9.69414,-2.49104,86.004
82553.8,99.3083,-43.3759,203.08
105310,54.325,-58.6031,194.51
251088,114.097,-26.2162,211.532
652704,17.4659,445.143,-590.046
213141,542.589,4.7144,113.591
206733,129.529,-136.898,122.57
82204.4,-61.5227,-113.581,203.438
14816.2,76.6253,18.0631,226.667
335303,-45.0051,-65.6864,274.737
19137,-324.427,-432.766,492.77
106504,19.4142,25.9003,212.642
248210,73.4059,23.7593,273.849
402860,-10.1527,-132.331,37.2379
32066.4,252.631,-160.753,266.776
5198.16,248.814,-76.6074,191.547
169978,-194.093,-36.5911,487.804
119788,156.01,169.868,8.78617
16938.9,-68.4048,-40.8647,83.145
28791.2,31.8806,51.8135,23.0062
269811,-5.62864,12.1341,208.366
220497,-71.7073,-58.8842,142.092
511141,-36.6823,-23.3933,67.7865
549431,31.508,-186.552,86.3358
8356.72,-173.527,159.915,438.443
776459,-93.4689,-6.57589,225.11
135661,32.0208,67.2216,177.191
359775,-43.1865,-195.623,-159.949
434047,58.446,180.415,187.829
147896,-146.149,-190.455,317.622
166797,-41.1121,139.489,106.662
19006.2,66.6219,201.86,236.426
151112,-273.253,9.54676,279.908
202945,-123.398,34.9548,100.634
159225,162.146,-57.4342,365.71
223411,-0.153596,49.843,39.1195
555829,134.885,-63.5017,573.934
572251,-103.375,151.933,603.44
492211,106.011,-19.8054,400.54
43542.8,-170.209,-308.807,236.868
376811,-2.73528,-7.78783,253.908
137070,-20.6962,72.3323,37.1833
213350,133.205,-99.1524,281.223
75179.3,89.4836,-36.0187,164.353
1.02847e+06,-49.781,-200.433,117.083
543491,222.038,139.174,331.136
487630,-213.536,-337.502,-84.3702
35322.9,-29.7616,-34.4493,153.974
7745.46,-47.4005,-3.41867,37.7233
62587.9,82.6889,-205.042,333.136
64032.7,11.0917,-118.498,348.857
767808,-26.7542,-14.4648,289.427
20912.5,11.2315,-49.2699,73.9496
176607,-60.2828,-73.8908,212.044
105535,14.3191,101.643,166.279
51344.9,-12.3547,19.3823,102.508
154476,389.41,67.1504,292.081
20698.9,8.59285,44.997,134.588
274738,-333.902,-240.193,79.6177
273727,-193.8,110.731,142.672
37407.2,100.809,130.39,253.871
105020,49.1855,33.1198,31.3317
288207,106.982,16.9678,98.3773
15288.5,26.7283,15.1574,286.663
360788,-3.67252,-52.5067,164.132
372351,97.0628,-143.341,200.107
181998,-15.6557,-26.1936,124.675
332388,-401.989,-216.129,136.372
79522.4,50.1624,67.5539,241.847
261949,-17.1971,108.377,232.408
188938,-10.4005,-294.337,-57.207
554791,103.161,-56.2146,-80.2224
72413.7,35.0425,183.661,260.568
261806,-112.694,138.413,192.935
136190,65.6908,37.545,-10.035
605394,-12.5989,89.4924,107.753
132814,45.7761,109.096,150.627
47133.4,11.2435,35.3716,152.528
76250.2,-61.1132,83.2595,-160.642
133540,92.5575,-11.0448,427.947
71738.7,-271.781,-152.344,290.404
24329,-27.9977,114.295,364.323
155185,-5.33214,-35.4546,247.557
90838.3,-58.7609,88.1328,149.637
153331,170.858,185.056,-113.974
38374.4,5.9109,45.3258,288.799
372775,135.584,-48.8363,43.4637
172819,-205.826,-51.5254,189.864
33457,55.287,-162.578,243.757
2416.46,-99.3122,15.5037,422.675
89704.5,120.383,30.5056,661.891
358476,37.8778,-132.005,-182.368
288572,-142.628,164.282,311.009
277629,857.069,-97.9644,16.9995
51965,-79.2311,-54.2758,243.364
111596,-83.9066,-28.3931,110.438
3797.23,34.4614,-117.228,237.692
39414.4,107.268,-81.356,13.3064
285936,50.3734,-13.9897,204.758
171423,1.83447,11.6585,50.5168
239738,-8.41428,-133.594,495.431
176785,-63.2868,145.254,124.584
15367.6,98.4826,3.48019,32.4964
158435,5.54152,133.933,211.912
10492.3,-134.066,213.363,234.542
292664,11.4009,-126.056,231.012
246584,-16.1675,-50.1701,-19.7841
22151.6,304.828,241.07,-11.1223
223951,-216.626,-183.206,496.741
74677.2,17.4586,-44.7876,447.093
217390,-13.2366,-117.376,-71.6044
156602,-36.5192,-154.01,210.926
126796,-0.909636,65.8137,135.935
469359,-4.99646,-2.51438,-87.7625
125647,142.902,91.3952,147.462
28483,-42.4011,82.1246,62.6378
1.33946e+06,-51.5011,-74.4412,-76.763
1.02765e+06,106.789,142.386,103.941
34942.7,183.415,-40.8004,14.5902
359124,-158.835,25.3097,-106.321
236193,-49.2251,17.977,415.053
360724,17.1037,17.4687,258.795
463727,57.4353,-20.992,-149.526
1.11829e+06,117.077,-360.383,13.3803
372715,84.1255,-11.0319,354.998
310944,-91.619,12.6761,229.256
27592.7,-121.213,182.423,641.383
19443.8,-11.8594,-2.21264,35.5413
67065.4,7.14001,-149.495,198.409
408630,-123.558,3.38634,-106.839
77988.6,-147.577,-148.453,36.7158
484594,-551.155,41.8366,454.634
329565,-164.529,-4.67028,118.022
141982,15.2832,23.9398,380.908
17021.5,218.769,-84.7819,147.667
34807.2,32.1211,-132.218,231.048
133576,46.1113,2.91155,140.283
298192,-102.954,-64.6661,58.134
837226,-128.169,-187.579,154.136
356116,-256.768,40.6367,203.88
228958,90.7499,-4.50245,181.529
78308.4,110.13,-68.7637,124.045
13667,122.024,-6.12217,172.371
125435,-30.4628,39.0038,172.776
540570,-72.8178,48.0124,35.7214
390166,-115.623,70.5675,182.258
86652.6,-14.6288,-25.6559,21.7375
290049,-86.8137,-125.486,-24.1186
177608,131.061,77.4631,6.33257
168322,104.054,101.485,688.637
93385.3,28.8025,19.868,13.6436
174557,78.0971,-35.9108,159.969
90596.3,-77.4149,29.73,84.2702
123104,-57.4874,-57.8565,52.7031
95528.6,-163.04,232.896,311.842
314103,-61.7335,146.581,288.322
54026.3,-172.155,276.186,278.439
6284.1,79.0207,-223.559,322.982
1.08975e+06,265.578,-19.731,312.771
305262,84.5183,117.019,110.917
121261,166.192,20.2195,-18.6793
266362,-440.024,156.085,63.4681
91477.9,-47.7487,-6.34141,152.631
231964,88.5029,101.534,213.628
141004,-64.4587,135.531,197.321
323199,1.43386,157.087,249.93
189494,-97.972,-15.4232,262.539
254843,249.682,37.2307,4.95092
370969,23.3539,-25.1704,162.179
567853,-217.751,48.3261,267.325
280589,-335.123,615.142,675.128
169458,39.648,99.9102,295.076
234326,-248.198,175.973,526.11
424685,-64.9152,93.0023,-102.989
4900.06,-26.8773,-4.69274,101.659
180310,-135.783,182.169,198.788
26945.3,55.2836,4.10156,-13.2394
227278,-9.37263,48.4315,453.501
92257,13.5958,-15.9652,360.242
191250,101.081,-51.1401,280.118
222500,-11.3511,-119.579,321.583
130821,-17.0972,-71.6544,-183.635
439178,-174.4,-214.116,59.0684
18858.9,167.45,-97.1016,10.2968
121070,69.9306,156.804,-25.6768
23886,-38.9548,37.1722,56.1847
94479.3,-28.8059,-7.6771,78.1016
70395.3,148.983,-37.9041,133.285
208566,-39.6046,24.5451,461.184
457168,-106.055,-28.3782,-7.49248
142411,-121.604,-154.005,406.041
262500,-133.832,196.99,0.107036
581694,114.118,-205.779,98.2039
574983,94.5421,84.6767,161.691
348607,-79.8218,-15.5088,315.561
91863.9,54.4515,19.1296,81.0161
347923,-65.7769,-70.4382,89.1794
444130,-77.3527,41.34,-5.86499
487133,4.21502,76.5024,199.867
146289,168.853,-149.169,157.42
100435,-27.3368,-125.978,-13.1083
45281.2,138.829,156.56,256.674
46540.9,-20.5482,85.6293,313.054
158216,3.64672,123.432,315.294
26679,117.014,-68.336,14.5038
483413,-114.829,89.3793,-44.6864
563559,105.91,-101.681,126.87
706325,181.419,-248.275,240.904
1.18923e+06,146.352,239.654,77.8669
221484,-308.751,-122.457,373.254
170235,76.8243,-67.0143,73.1021
113616,25.5978,-1.09904,128.254
288367,-74.1413,182.797,51.4877
138983,20.7263,24.0378,408.547
113281,-36.5242,-92.159,193.441
498288,-188.829,-267.012,179.106
599919,554.885,8.59933,318.638
188548,-29.0901,48.4337,332.097
57087.4,99.4804,230.142,318.034
169618,-226.355,-90.5273,-16.263
317898,161.136,-4.48527,82.1617
69338.5,-48.2752,-73.8938,74.8588
210520,188.979,-8.95884,58.6613
106592,-345.432,-383.15,212.539
126243,53.5544,73.7069,31.5059
286733,129.849,-170.676,97.5305
63440.1,-198.76,20.0547,395.115
48115.1,332.897,6.41682,420.08
91992.6,272.114,-63.3075,104.857
120232,160.225,-334.319,188.766
245941,-90.4661,-36.0873,207.424
189786,-52.2399,-141.996,102.225
148107,430.68,554.257,-55.586
223348,95.9541,13.5807,119.163
29478.4,-101.042,-46.6027,-45.9207
248054,-105.351,-41.8456,12.2297
872696,-106.626,-467.345,169.41
367549,4.42004,-4.79729,158.493
268151,-195.423,432.937,681.026
124556,121.878,112.782,512.863
314733,-85.3883,306.415,78.4603
276553,-33.7226,137.084,20.6599
217144,-37.7717,-138.997,86.1476
473013,132.737,18.1454,194.226
531063,-166.69,424.05,418.81
18764.3,-4.83154,-18.7512,129.411
246883,-156.302,-104.423,149.312
418455,-58.8487,73.3241,336.841
74699.6,-69.6535,-42.6593,372.016
108443,-13.3895,-75.4079,245.485
45237.4,28.2994,-0.221966,208.057
29059.9,131.232,128.482,195.23
491906,-140.248,30.4925,183.465
63307.3,34.7624,-46.2411,27.5783
531927,-284.204,-66.0196,307.165
17458.7,-158.547,178.683,-224.236
677713,-202.167,43.6039,449.202
741335,241.643,-415.644,-129.451
126796,-5.67969,32.0451,120.051
206723,167.704,26.355,-438.485
579092,-47.9024,-169.661,17.5522
114847,-69.9713,30.1172,170.831
553184,43.4827,157.89,330.052
109813,-38.1706,67.8502,98.9348
281979,-136.252,58.788,86.5316
259472,-50.8121,-159.643,386.531
368227,18.1322,-80.6351,291.072
71766.8,92.8411,-20.0603,76.3938
16793,-116.24,-150.677,298.114
622369,44.6103,275.218,496.84
346913,19.3775,-89.3361,590.878
317652,56.8034,-60.9116,133.194
106678,-42.5936,-11.6936,116.21
242909,-130.906,-198.547,-4.50448
291627,184.26,36.3553,174.899
180563,-21.5018,152.854,129.132
157073,-5.41234,15.1406,279.64
223177,-90.4474,112.865,128.435
304591,-163.146,-77.59,-28.1993
97025.5,-109.933,95.9023,510.404
275709,105.306,147.289,241.745
152289,-30.8672,-39.8626,257.968
65303.4,-9.80259,-105.274,503.753
35588.1,199.191,62.9167,42.5411
191389,154.769,-105.668,190.157
88192,-58.2805,16.0409,327.788
46071.1,-94.1913,53.0073,478.414
19880.2,-52.1943,13.901,390.044
1943.82,-72.65,-145.638,195.825
151342,208.302,-95.5702,25.9924
180021,35.0632,4.20209,-17.6047
155813,-97.208,0.316164,-159.864
55938,45.4816,-186.528,161.347
90151.2,-78.3253,-112.031,125.052
809362,19.4371,-86.7999,-110.771
238705,168.496,201.903,62.6061
228.721,-10.4935,69.5322,105.549
132103,-253.65,-16.5339,726.218
118927,-14.7933,-67.5073,285.673
463485,-169.032,-55.1098,145.435
184612,153.502,-7.33915,93.7962
758691,18.6716,46.5472,155.992
160668,147.201,244.882,-25.1289
140925,-124.82,106.917,198.724
374431,-12.8736,24.0413,245.101
153369,-73.4759,-53.0524,83.788
47465.6,174.665,169.732,271.666
444798,-125.597,235.264,-53.8426
295514,59.6597,-66.0904,42.0772
97677.5,43.9177,-101.478,188.336
616451,-2.26205,-171.978,60.7974
243110,-24.8789,-184.303,234.186
454025,18.3729,16.3644,30.7533
17302.5,17.4068,-85.018,82.8194
3136.95,48.5097,4.45506,236.305
67580.1,-144.984,-99.5901,154.395
708870,-313.479,116.641,299.16
655881,78.0724,85.4887,224.009
14358.2,50.8482,-407.871,-23.3887
56037.7,2.0228,-228.954,70.0064
71321.1,-25.3171,-149.286,3.38592
4781.55,34.3706,63.5842,457.614
289042,-59.7968,-11.6876,284.741
731600,-396.005,65.2932,324.7
49903.7,-73.222,-138.554,288.865
51506.9,-81.4286,-112.866,278.223
18024.8,11.0032,83.2015,2.77765
227968,-264.413,11.3314,179.672
223723,-88.7689,25.268,37.3945
23941.8,145.552,291.024,76.3675
563126,-58.2424,61.4555,-82.0475
166423,41.8219,-104.795,45.9284
30706.4,-36.5147,222.745,167.354
570281,-121.352,153.157,12.0535
86847,9.24161,62.1076,84.3343
289595,6.60507,-95.2204,76.8122
163314,174.75,303.88,489.163
72436.6,266.089,-28.0359,-54.5649
473658,-89.2518,104.343,0.333116
390120,23.472,-219.01,151.424
66739.2,228.073,176.525,168.628
315428,219.412,214.312,455.926
549998,-192.927,-172.353,73.9868
319568,-141.012,71.5478,514.004
265508,-61.2992,138.582,353.804
175022,-24.0186,115.517,242.057
187381,9.10386,161.251,670.85
91215.1,58.2935,-30.5275,501.533
723364,131.494,-149.158,20.4495
140110,8.08041,-19.1708,-50.9196
160461,-40.2501,-56.3838,-99.6001
7940.53,108.878,-196.667,443.095
364395,-78.2462,-19.1033,-57.5479
47887.9,-53.908,86.2566,179.013
35450.2,79.7392,-109.306,182.335
169925,-109.565,120.422,149.729
120327,-3.43964,-76.25,113.932
437081,78.9468,-57.3871,71.0802
336864,-206.743,9.66959,-5.11152
121414,201.241,107.128,287.603
331666,25.0922,39.8987,122.674
225983,-87.1677,16.0368,289.736
65884.3,-15.0716,-29.777,191.62
254805,-87.9528,33.2699,12.104
865853,-43.6861,12.5344,54.6024
171897,10.3188,98.5668,-40.7934
620159,-39.8719,38.5329,853.306
133013,-225.956,-2.60231,23.466
170565,6.13258,-50.2684,-79.1447
182027,160.426,-43.005,74.6136
72903.6,-81.7734,-151.303,243.667
122029,-93.874,-2.78324,-110.837
72511.3,-165.337,-103.492,109.075
10043,-146.617,165.432,249.842
364131,-65.7881,259.003,130.274
64955.7,-7.12924,53.7095,26.7914
807731,-313.282,-295.688,282.22
39683.4,29.6906,23.0676,98.7388
244375,55.1978,135.042,115.172
47004.5,-10.0832,-84.5872,105.254
174280,-136.576,-131.788,-220.516
334822,116.265,-249.041,141.132
158641,85.198,-5.5984,-78.3719
103007,-32.8952,-100.671,174.06
259714,-52.3732,-141.912,84.4245
2603.99,40.1474,-172.06,220.215
43670.6,-69.6719,25.7584,102.231
69917,-161.634,5.7058,89.8511
291460,-189.762,-146.09,-3.6199
15908,-36.473,-36.2153,-15.4491
191033,-92.5787,-40.9154,187.753
286634,32.8371,-47.3845,114.776
190370,258.287,693.964,362.3
18496.5,-43.5437,7.31272,88.4544
44219.7,-43.5256,-44.865,151.343
139720,-100.959,111.282,86.9009
63442.1,321.99,294.54,525.353
402101,-223.055,-105.817,248.189
925660,288.144,2.95223,-51.1509
69658.9,-17.8786,383.015,363.461
5050.29,79.4254,-9.49681,259.185
2505.1,-22.6477,-51.8237,241.069
226073,-221.081,-41.7067,-64.4104
33377.9,-102.312,-17.1533,-19.4195
181238,-37.7665,0.980774,127.747
233887,-237.735,104.219,782.65
69662.2,25.8057,208.425,250.823
805435,63.7921,-25.2511,157.836
46316.3,42.1418,73.375,85.4641
81964.8,169.066,23.3945,49.9826
515777,-67.8773,-146.888,534.685
40867.5,-159.999,-51.9319,414.964
28625.1,-211.861,-55.8174,86.3359
497939,-43.629,30.4577,75.0124
39059.7,137.348,38.1368,5.52969
585285,-96.1048,133.885,-164.851
263413,-96.7381,-41.1473,57.5161
347338,-64.8559,1.16211,140.058
14226.8,57.7948,13.8531,489.125
381070,-106.23,104.671,207.487
77155.8,31.6905,151.341,-19.7195
87995.3,26.3342,-95.5824,212.647
46456.3,290.182,242.695,345.907
670298,25.1095,-163.643,241.752
240178,44.4908,16.1942,39.4852
94604.7,-44.3563,-57.994,79.8389
166319,-156.032,88.8677,-63.091
558446,131.233,12.9789,791.844
58619.9,-70.8787,-96.8347,367.549
499512,-295.422,96.2331,232.719
327007,228.747,-217.625,175.258
276927,68.3224,-20.9932,-39.0127
18045.9,-80.3647,-22.4046,44.0247
17605.5,127.772,43.5283,131.662
305178,206.949,-55.4904,211.455
49157.5,60.4886,-144.597,314.364
239112,-52.557,13.2372,248.533
140951,63.339,7.38052,163.502
78216.7,-31.2333,72.7832,-25.2323
315117,161.79,-93.565,62.6659
528632,135.569,-31.4109,321.282
429726,46.8812,88.5479,140.804
259178,-121.569,19.6035,-55.403
578389,221.129,-345.743,318.321
16722.5,102.727,58.6382,101.622
2821.36,-86.2005,-8.59199,471.784
98537.4,8.23974,60.3732,75.8288
207285,75.5402,180.634,-188.012
242273,-229.723,-130.122,-46.9273
560348,-10.8936,-140.688,90.5494
9440.15,-40.44,4.98048,24.7745
549433,-96.1491,-24.0459,116.94
61105.4,-12.0515,36.1984,116.015
300936,109.075,57.4014,300.391
941184,-52.1925,267.375,224.043
292530,125.415,21.5573,203.815
289976,-87.3919,-113.273,150.021
148291,30.9341,62.3329,617.973
111385,-61.2684,-397.135,262.184
67694.9,-71.1462,-25.2691,238.261
279795,-285.703,100.433,395.43
39813.9,41.2398,27.8345,221.599
2079.39,-39.0977,46.3476,53.4957
576262,-296.131,415.396,496.392
714728,6.81699,-224.955,-266.864
89889.5,-6.94205,-58.5543,43.44
40090.6,-90.1838,-54.2069,61.1206
79383.7,-82.5168,-9.0679,-26.2113
124171,22.0166,365.547,346.008
861715,21.3612,-251.046,226.41
19831.2,-92.123,-60.7754,66.8035
667278,67.355,63.5857,279.822
253303,-156.459,-44.7458,-16.1055
465314,-49.8338,226.293,12.8054
335841,-127.944,-12.8578,48.4817
45939.5,-181.691,-67.6391,373.473
132275,102.667,15.4822,-125.051
99471.6,-220.425,-57.3941,69.8647
3157.31,-45.772,-204.706,242.676
4047.42,-124.395,7.29687,-12.2473
463133,-246.813,-92.4587,-29.9897
24422.5,-28.7833,26.7409,-16.4621
54317,-101.246,-141.212,-99.9062
20778.7,63.7522,-111.958,315.288
207036,-45.6091,37.2668,-12.7496
72347.7,-26.5107,29.7106,188.736
46272.8,173.623,-44.1344,243.55
21520.2,108.173,-112.78,4.91428
53018.3,-21.7996,168.678,244.639
272562,83.2917,-22.5326,81.0988
17455.1,-7.27552,-18.9811,48.5856
57187.2,45.9148,126.244,159.404
206054,-220.468,-8.17051,338.668
186109,-118.225,-172.166,-17.35
250626,185.126,-20.0016,39.3287
57465.3,76.8573,-15.9905,-92.833
160867,2.33755,-95.9324,-104.81
59900.3,0.785869,62.2888,107.372
229977,121.229,-48.9058,149.656
277061,-25.9384,43.035,54.7242
241356,-41.9416,-21.0562,155.999
11401.7,19.9565,-16.6916,91.3463
181235,63.0793,-119.919,305.606
127331,8.08518,-45.4323,187.254
143393,-89.8787,-96.7529,247.516
11983.5,14.5949,-72.8366,98.0627
173564,-78.4027,151.341,163.833
90989.9,-24.8435,-12.7299,93.6104
216347,22.7491,-116.706,129.57
1.41495e+06,-180.222,-136.046,-401.22
247935,-67.8126,-368.205,86.3985
38031.1,-89.3305,-0.469394,100.745
17331,-17.7923,64.352,223.487
183412,-15.3465,89.1016,32.7491
119298,-162.1,28.9758,261.175
205190,230.163,57.072,416.212
97306.6,-47.6925,0.649867,95.2482
118664,74.6305,108.861,29.3526
8944.98,-56.1151,2.38538,286.656
175963,-10.9968,147.077,240.084
44332.4,-165.478,-745.57,-324.486
507783,197.373,245.278,254.508
147759,-203.63,99.9868,158.888
847842,181.476,19.7699,125.11
12631.1,14.5351,-76.8929,71.0632
414596,303.755,-55.6487,19.5142
71901.6,-83.4247,73.2702,71.9443
637924,-40.0001,-183.963,399.648
104290,46.3108,-109.77,93.7674
6020.03,22.9401,87.1746,180.392
41716.4,83.5399,-70.0546,132.118
326190,-65.6464,-146.498,23.8448
870455,-35.6447,-108.313,313.215
217402,-234.411,183.987,197.02
46986.6,-61.8579,-19.8218,-19.8057
337731,-132.994,144.306,430.741
230867,-13.9394,157.829,458.318
121974,295.553,-272.173,671.843
59574.9,26.675,-17.9819,-55.5138
314167,90.1572,50.1327,20.4186
115558,137.707,-17.0123,243.647
47473.9,-8.36125,76.1725,80.8424
164161,117.288,-154.992,69.8037
65947.2,-125.674,-30.8218,274.761
72481.9,-251.718,-298.363,374.203
108519,53.1752,39.4928,132.991
284266,32.5856,-61.8128,118.541
72938.1,79.2138,-65.0806,244.459
949911,-59.4562,41.9822,28.258
175663,-33.4607,34.6089,-9.90807
9646.35,-49.0222,-24.8062,203.765
40931.7,32.6025,8.5929,36.5885
9296.78,315.691,30.1458,-124.192
36523.9,39.7859,-2.66038,51.9424
311887,210.502,228.536,332.365
139781,50.3662,-4.69358,69.7315
92205.5,87.2986,-68.355,159.128
90540.5,-14.2531,17.764,150.574
93332.3,8.49263,58.511,177.027
472033,-56.3461,-39.4339,395.819
127927,177.244,526.062,291.588
59302.5,-95.8784,210.322,185.361
3024.03,-2.23783,-38.063,78.9934
486365,-104.708,101.122,349.112
370359,27.7204,98.9325,96.1897
101934,4.1027,-41.7731,41.8888
42160.5,-26.0378,110.816,81.9874
8003.88,47.8412,-49.356,227.577
528980,-156.394,-1.49746,72.1098
35927.4,-33.349,-1.98489,-78.3518
111648,-141.9,-10.2826,152.328
305330,-186.168,90.6994,399.945
286517,-16.2215,97.8926,245.308
163455,-163.52,-30.2984,206.753
164098,-147.354,35.718,175.678
34903.3,-45.9491,22.7321,180.334
92949.2,-284.827,-6.61252,511.859
40746.6,41.888,28.3611,3.13121
178168,4.96974,-172.749,642.912
366247,145.269,1.51783,75.5962
70232.9,17.7022,-48.4447,89.9764
349233,106.676,-146.833,470.79
190841,214.676,13.7941,175.054
39774.9,195.247,-91.6145,192.515
51114,-209.188,-44.7748,39.5946
73236.4,-98.4565,80.322,-14.849
9909.15,-36.8161,246.558,102.979
53065,-54.798,-47.1881,417.793
11544.5,-10.675,-3.70347,97.2212
360982,48.397,-42.2754,149.942
41882.6,-176.127,134.971,634.05
156777,-27.2905,13.1023,15.6589
38548.9,-152.853,52.0577,-22.8092
69116.2,-253.879,60.3899,61.5266
143083,153.313,345.43,169.634
443918,-104.58,-44.1835,286.09
302618,132.919,-71.6014,447.801
496414,-154.882,22.5535,40.0165
55472.7,-88.1841,-33.9396,103.227
545969,98.3657,68.4883,153.742
300655,-295.745,-96.1455,-16.1799
577447,42.0001,-130.46,140.773
90694.8,77.4721,3.42295,106.311
346891,39.0105,277.001,44.3874
395030,180.462,-113.95,467.5
62027.3,-20.1112,130.718,274.959
58298.3,81.5085,-69.3714,230.75
61715.4,23.9202,-10.6895,77.116
127963,183.259,-54.3801,563.281
527489,-110.907,-193.587,115.929
849150,21.9093,-28.5536,-74.6519
31077,-20.8553,-81.3623,231.251
224356,60.5221,-101.81,545.472
150300,-85.0754,-111.609,241.211
123187,21.2984,4.0706,52.7431
156244,145.56,-13.9082,661.894
31561.7,84.5776,54.4959,192.933
51955.2,16.5631,-14.4455,131.287
161852,-70.6577,-40.5583,63.8207
105940,469.315,-214.691,241.161
137091,173.747,-87.9078,169.381
440659,56.7148,6.02232,88.4005
94907,-28.1164,51.3173,261.224
332081,-60.3196,-84.5266,42.4534
74758.8,-348.398,-156.265,178.561
100098,-16.8407,56.1995,128.524
145855,90.0632,6.68876,166.934
222888,-80.6476,22.5601,32.8528
53469.9,205.339,233.523,416.065
48957.5,3.23137,28.8101,67.7706
164016,-190.746,135.052,391.916
57934.3,-86.1885,-59.255,131.543
90786.4,52.0778,35.4664,147.795
454920,-63.3142,-112.266,488.174
229212,-55.0382,-6.36077,76.7703
877082,-77.2157,-32.2774,-195.749
105645,-110.294,-87.5366,85.4306
577397,-127.726,-67.1094,269.549
276567,26.4814,26.0119,185.911
137590,83.202,68.1045,86.3432
33908.4,84.5623,78.4121,134.307
93175.7,-32.9726,158.499,290.074
485217,12.1355,207.172,85.397
274756,-79.1136,-152.861,154.214
192159,-43.2589,153.026,190.327
245178,339.176,-92.7801,206.357
112576,106.902,50.5269,314.914
133198,-48.9993,-41.5119,58.8905
132242,-22.01,172.973,85.7146
301089,208.201,57.6074,222.328
126914,-213.105,-34.574,280.538
301714,9.20185,-6.81039,134.224
135200,28.9353,93.7968,-10.0252
111197,-87.9078,96.8314,-98.4921
294037,-44.4786,29.0293,442.367
675843,3.54237,28.8838,267.408
217344,-149.163,-53.6212,74.6119
31311.4,58.1567,100.734,74.1226
415.24,40.0526,-2.45149,111.947
31827.7,-108.751,-145.262,31.8183
53072.6,99.1938,50.0675,134.536
83003.7,-226.469,3.06652,438.422
80081.6,127.058,-97.5778,487.35
141578,47.3321,-278.26,468.885
246143,-67.6367,0.365811,-16.4385
275927,206.178,-68.7358,461.229
61526.4,213.464,-385.472,-310.916
703296,-121.481,-226.947,125.832
476444,-193.771,-85.1433,41.525
201237,-205.417,-218.075,339.511
55371.8,65.4668,-15.4806,102.625
14762.5,97.349,192.601,512.237
307715,-99.0703,45.2614,254.811
54176.6,104.649,142.152,-76.1099
264765,-119.596,-81.7408,296.214
158440,-204.82,184.201,437.792
47455.5,-350.244,111.297,-101.493
51686.5,11.1674,26.9917,98.8643
116829,-84.905,-27.0062,181.086
179268,131.815,-214.715,475.65
73228.8,176.558,-38.3411,-43.7654
67435.9,90.4303,24.3734,330.261
587319,145.051,-108.213,-11.6876
104920,-73.8635,64.7627,38.1375
283048,129.532,-39.5948,-53.6434
261438,37.6797,77.6776,246.877
61730.7,-115.659,-136.653,538.82
258489,-87.5796,-163.471,165.692
403754,264.725,-107.559,-11.2569
456484,-82.8797,-87.9214,174.077
654196,166.384,-21.2517,-36.6323
224234,60.3588,102.29,72.3441
129854,80.2775,-140.054,98.9255
156011,-144.518,70.9023,163.264
1.16695e+06,-32.7992,-79.557,-112.974
337658,-117.553,157.357,71.0591
115406,28.4869,65.5417,5.53448
56598.4,158.439,-27.3385,109.577
503663,59.5632,-34.4961,265.588
90506.9,-104.006,-232.734,-524.066
126354,149.494,69.0242,-77.0533
90379.8,-128.072,50.5606,83.486
27227.6,-167.208,132.926,134.22
108821,-101.729,-79.7273,9.14009
235041,16.9094,62.1527,40.1313
44998,-53.0774,-87.7135,379.715
15000.1,58.6495,-90.3177,142.364
43989.9,-38.231,33.5865,62.2704
84422.2,234.629,-20.3102,162.201
401160,-217.926,395.406,372.768
379781,57.4057,56.0174,239.095
125466,86.4132,79.776,181.651
125248,58.1339,151.884,129.377
19051.4,-79.4739,-14.944,-0.130662
53129.8,-182.957,321.349,160.142
33164.4,-38.9317,24.121,323.637
63568.7,26.5888,6.08608,117.401
336.046,18.7982,-59.0464,31.2074
50662.5,146.679,-56.7719,-67.0494
40992.5,57.8664,63.267,117.251
153023,-170.12,-28.848,461.573
3455.12,-16.6135,-7.10309,360.547
76762.3,32.8198,-21.0805,98.426
138752,-83.9249,237.598,110.447
227234,109.606,101.588,239.542
247349,28.7516,99.9789,96.3664
21519.4,-67.3918,72.2852,433.681
65528.1,195.423,-67.7792,933.037
63338.8,131.149,-95.561,248.635
48360.3,-35.2402,-300.276,459.375
218602,-17.8089,30.878,341.124
27559.9,127.987,-101.024,366.15
625505,-24.2406,43.0402,217.582
177662,184.907,-122.23,205.201
215688,157.402,-52.3911,107.966
63147.6,64.5228,14.3087,244.991
251230,197.954,-325.107,112.614
308757,-97.2301,-77.9487,229.116
160033,99.6074,-5.39447,335.046
143319,50.8346,124.392,612.409
298910,-12.494,33.6003,-30.0823
14565,-91.5647,-69.8686,221.024
101556,287.005,-20.5498,-31.7243
317619,46.7815,199.44,-12.6752
48756.7,126.587,150.829,35.2961
181182,110.895,-95.5447,194.4
38343.1,47.6504,142.129,-42.693
512932,3.53413,-188.869,-106.214
3932.16,1.24174,6.95178,128.068
247987,-19.5461,44.3548,169.061
83179.5,25.2565,-14.8983,283.244
315198,-44.1441,-19.4139,820.666
44883.2,227.029,-137.535,368.419
99011.6,442.889,-230.105,781.218
390788,126.3,296.941,466.028
200591,-14.4499,-69.0171,194.916
292441,-173.115,-68.9486,-144.682
93778.8,-58.1237,-157.522,195.572
944857,36.8126,-33.9186,78.0442
42687.4,7.04102,46.5636,253.653
319312,136.158,-29.3301,74.4881
229579,243.29,128.538,13.7176
236024,29.2221,47.2605,363.599
64230.5,67.5269,-84.8447,117.885
521477,-187.812,-7.54169,15.6655
114119,-0.424695,-88.2608,246.232
196314,96.1438,10.8053,315.576
66813.6,27.0199,-91.5363,129.766
92825.4,-84.503,147.328,21.3217
75781.1,24.1471,93.4984,105.446
58775.9,85.7339,138.473,190.635
39787.2,-138.753,9.35067,30.1865
628202,-66.5887,69.0762,176.689
144679,123.067,49.9399,650.72
127860,-29.9226,28.7799,131.956
32923.4,23.4996,52.0259,78.168
181095,-207.192,-88.9964,42.0559
207454,-93.683,50.9589,50.6633
67200.4,158.178,134.091,-137.726
292451,-49.7011,-153.479,247.209
122167,-231.433,148.5,490.559
255894,-83.6642,-36.8678,-29.1913
15967.4,-32.8784,-48.0704,175.049
202.817,-0.376052,-13.5104,95.9918
19151.5,-78.7606,237.241,182.382
127610,-9.47181,-132.155,317.705
272269,-80.9853,18.7348,197.644
152599,-160.729,-39.0178,150.104
262202,-92.9142,-48.2227,333.111
114475,93.5031,45.7528,-97.4097
29282.1,67.9508,-49.6662,109.619
28366,-286.063,-214.083,295.026
171797,369.756,-93.4456,15.6635
53505.5,6.61132,-34.8588,729.194
170949,-63.9677,44.3534,49.2203
16887.9,-603.447,396.037,516.117
248758,169.804,81.5209,356.394
224206,-85.1406,-10.1085,385.86
86.7078,26.2211,54.4721,372.089
154149,-721.553,-243.176,853.308
488990,-51.7684,-156.356,77.8559
367926,-107.643,-6.27058,294.768
87277.3,-44.1372,-78.5272,417.745
52829.2,-61.5173,56.5692,160.142
40142.1,-61.0753,-2.55759,83.7574
143127,-16.2573,64.6915,38.2901
214552,-84.3375,-122.237,274.139
581510,-43.7918,348.31,172.454
208273,20.9313,-156.661,-50.0924
378616,-221.124,110.541,55.9875
5158.93,-135.722,34.728,438.169
2825.01,418.089,253.183,298.808
551963,30.2327,4.56287,-62.9533
45041.6,-62.768,-18.3068,242.005
55004.3,4.47455,-72.3058,203.17
348344,-136.324,92.4142,-20.3938
262123,-128.421,13.9412,83.3291
93219.4,59.7373,-245.473,-77.467
928967,84.2775,-334.749,368.601
235886,96.0822,-29.449,49.7513
91753.4,-217.003,-254.796,314.009
259045,-165.824,100.981,343.769
150261,15.4604,-32.8507,347.305
202291,-352.358,107.437,483.504
167446,4.71794,32.3326,-114.076
34734.2,-120.781,74.3603,650.349
450800,-47.0969,-38.0701,-85.579
58396.5,71.2936,-21.7719,156.968
73941.1,-194.006,-47.7794,457.68
48003.9,185.395,-1.81978,-13.2915
44882.8,9.21701,29.0792,207.762
408962,-8.81214,-8.15785,-5.38211
29517.3,27.4002,-117.04,607.993
24958.2,-17.7371,198.041,49.9194
387454,-77.1998,50.8649,273.807
309202,-348.936,333.001,63.0779
487865,135.402,37.412,261.76
13092.9,-64.0304,-219.748,201.251
110410,-226.835,270.048,227.805
86959.6,-76.5669,-149.133,32.2718
136368,-4.56979,-4.04886,118.817
685953,-133.907,7.30528,391.385
428222,-52.0705,-16.8552,-3.93298
18531,-135.244,112.489,508.24
306341,185.156,103.071,4.37084
175631,-39.2605,27.0995,221.986
343591,42.3724,427.127,243.296
231640,139.901,-33.0353,136.921
30890.9,35.8448,-9.53973,159.416
538702,-154.836,185.285,130.352
130778,109.24,-136.722,39.4126
222240,-33.1798,58.9064,139.574
362188,81.2498,69.0378,513.434
520055,-57.2178,22.1961,383.535
262583,124.752,50.9024,739.354
151767,-88.5118,-72.8405,-116.081
168915,114.907,104.329,58.9102
1.17803e+06,84.689,91.8381,8.97684
367170,262.411,-58.216,243.222
200622,1.1517,104.91,149.111
200583,76.0362,-2.76964,25.5496
127697,-32.9131,-115.419,563.438
121654,70.2933,-6.46756,-104.901
57164.6,-49.6216,-54.2693,74.3137
51581.5,-110.627,-95.5299,56.0713
210167,66.5035,13.2785,47.0645
280095,96.6581,76.1231,63.6262
331331,424.531,55.1074,716.181
135211,-44.6562,-87.852,14.977
26775.2,-2.72568,-20.4866,270.075
60969.7,-52.6154,-35.4916,62.0016
473896,3.80015,13.1359,-26.9163
65343.1,4.38849,43.8235,136.363
23763.2,23.1355,-6.80123,201.924
94714.9,178.398,97.9702,72.898
241632,119.513,7.38245,-132.913
321863,374.288,184.207,265.262
198553,50.3332,-83.1178,126.288
28956.3,300.1,2.36303,348.942
70588.4,-77.522,29.1109,204.37
77252.7,17.4951,-7.7399,119.314
667791,-105.827,-151.999,115.361
9161.09,-88.2001,-19.5373,120.658
147388,-177.886,148.246,311.066
81318.6,115.07,6.52386,58.9127
145146,-0.979529,105.839,73.5093
69304.8,-79.3283,-259.863,84.5122
19617.8,340.707,264.358,363.209
19859.9,140.451,-42.996,204.386
613712,-42.4606,148.248,528.129
41113.1,104.102,14.3532,67.6856
52494.9,208.7,-125.869,77.5953
143169,46.1785,-49.271,148.201
120895,90.5361,77.4336,329.916
79106,-131.488,181.176,118.71
122626,-286.33,-388.808,65.3078
158505,35.5758,80.8041,58.9333
149830,-15.6499,-38.6731,17.833
257248,164.454,154.877,696.309
295546,-91.8594,42.3561,265.368
127862,46.7177,-121.888,173.774
444786,118.992,-111.886,152.699
219701,-161.185,-120.037,125.821
94331,-91.3237,45.2521,-0.372033
188987,-113.935,115.094,288.995
21738.4,69.1619,163.887,64.6002
396186,-224.114,-125.841,-40.236
24028.9,163.919,-24.3329,267.168
312205,90.0407,-19.9177,270.961
113348,70.4173,146.43,106.759
222271,17.3987,82.4536,71.6238
54515.3,-13.7593,35.5767,499.256
77.424,104.292,81.3266,94.1774
57242.2,153.905,135.553,199.365
19543.6,135.262,-28.3869,388.321
343392,177.955,-136.869,125.555
218934,-70.1328,-138.532,180.168
22481.1,128.875,-10.979,98.3048
401472,-76.6449,235.456,255.465
182066,-55.8395,-495.515,412.393
599445,-32.5718,-24.4357,189.142
212937,-238.516,58.0305,-72.1914
142374,-267.995,141.502,630.257
127018,92.0553,32.2756,347.806
788721,147.975,-126.105,274.049
105655,24.6503,-82.8511,103.781
379454,-38.8982,153.526,377.178
389422,55.2763,204.946,-27.34
13977.9,-74.5413,135.531,150.826
314616,-140.997,-61.3842,497.817
172974,125.961,-19.0531,235.444
566133,13.9538,-137.386,-38.4906
511970,-32.7446,-84.8836,-65.1052
214335,251.398,44.0549,31.2618
119867,209.036,382.011,177.374
418469,-107.476,239.122,609.073
15727.5,-37.2164,81.1587,179.31
79119.7,74.2526,163.025,390.364
146947,-32.7035,5.83238,205.581
50325.1,9.84872,19.5604,210.814
4611.44,-219.53,191.728,403.768
40338.9,-61.5165,-9.64458,-23.3915
121465,69.8003,159.542,159.165
101603,95.5637,-15.0319,323.021
171439,-30.1058,-74.0751,208.002
87023.8,4.44478,82.3791,-72.984
348628,-138.522,-8.13922,445.149
505277,-38.7328,-156.398,227.026
54240.1,-168.284,228.032,215.767
140573,-112.658,-189.376,98.5666
178453,-20.8309,-43.7609,212.196
33160.2,52.8511,-25.27,146.212
278140,-24.9399,-39.4557,358.502
529930,191.896,-203.858,265.758
110770,61.61,88.3002,-21.0897
30723.9,29.4824,91.1328,280.533
1447.32,-19.7872,17.2794,-7.68432
129435,-23.3835,-122.206,301.195
404236,244.92,-20.4051,-16.7058
6350.63,-33.365,-140.875,58.1716
773394,-9.3238,217.365,95.7733
340147,163.866,-286.176,302.922
110073,56.2228,-106.517,242.088
16002.7,-61.3613,-49.6984,209.805
559054,-15.2879,26.3377,213.788
159121,-250.945,64.3074,86.5905
143221,-307.793,28.415,227.891
368994,-177.635,122.894,76.7584
180199,80.1026,2.13011,263.462
486863,-4.71226,-184.171,261.04
315268,-328.433,-121.575,109.043
186325,169.089,-33.7739,-268.708
58967.2,-38.941,-38.1027,-3.02249
13039,14.1052,41.7598,593.06
89203.2,-32.2023,-19.289,-19.3782
86804.8,148.797,133.668,296.687
283567,-76.3988,144.196,231.85
169795,-178.372,33.9327,158.764
376628,-54.3247,-207.897,278.038
112154,187.78,2.64399,170.395
450582,-77.5618,-90.9468,-102.019
164352,-104.184,553.81,478.453
115606,-15.0971,-102.635,214.627
32854.2,-238.843,-206.859,123.866
457114,-166.39,-33.794,368.469
90010.4,-17.6087,44.2004,101.133
281797,361.833,-156.187,144.042
30742.7,-1.47791,50.8051,108.395
541374,60.4847,-69.418,2.27116
53679.5,-8.29299,-178.924,-131.733
102624,4.97773,-143.431,715.793
157413,-28.212,64.4023,19.8678
310625,74.2539,-209.439,-155.191
145629,186.587,-166.538,134.286
308263,-49.7346,-43.2654,22.4461
977760,-176.457,-268.931,79.1971
160647,86.4678,47.7618,-47.7231
148000,-22.9556,-117.908,-39.7322
223896,329.347,7.39146,99.826
38732.2,46.3933,66.064,195.593
8001.17,91.9703,43.9059,41.5062
52005.3,-9.33434,-177.935,563.004
29123,-92.4848,-221.975,62.5893
22132.3,78.3333,-0.975162,225.03
59892.8,21.7378,-53.9112,64.5152
130046,-66.1244,2.22933,142.187
217815,63.7157,-97.8146,183.747
363110,36.073,56.2221,394.091
449352,103.549,-24.546,-177.548
294197,-187.412,149.988,203.422
116452,-20.84,41.0607,167.924
34259.4,202.304,240.013,369.2
72867.3,-6.30974,378.286,369.465
415815,-199.318,-3.40762,-199.005
231748,-10.8695,113.387,264.685
49730.3,-73.653,-121.236,264.278
35729.2,-358.223,-297.101,28.9935
294063,130.858,-156.218,80.4242
25806.1,195.257,-77.6069,94.5675
71187.9,-5.31496,95.8543,172.748
38577.2,-57.6958,-41.4844,-34.2948
84961.9,-160.138,-138.497,704.569
363137,-32.5365,128.692,205.173
328006,-142.011,-74.4516,106.28
693419,180.803,-341.428,204.888
174181,-258.38,52.936,646.405
116053,95.0183,95.2954,79.4437
132387,73.3291,-17.7207,37.8857
829278,-13.8421,-46.7746,600.057
1.12768e+06,327.802,-121.388,211.469
181017,41.5338,124.799,311.874
28462,-69.9938,-28.7329,375.524
174506,-58.8619,-49.9761,96.4308
78906.2,26.1078,-21.3829,219.366
97854.5,-103.528,36.1441,254.715
56794.5,-80.6217,-37.9005,105.385
595552,-164.223,56.901,228.853
439503,175.87,-93.8489,373.443
27296.5,18.1012,2.79955,-101.426
856654,-360.481,93.0107,175.488
78775.9,151.279,54.7803,57.0894
850257,-122.616,238.707,380.592
3575.29,-16.7186,86.7171,185.373
12321.3,-159.361,-32.744,111.267
39213.8,-168.347,84.3191,109.652
298829,29.6146,208.236,384.851
530684,-55.7812,43.0536,412.509
246164,-89.9051,-33.4252,-65.1598
52788,37.8769,-39.4334,164.558
222630,14.8616,-26.247,106.8
669678,-212.86,75.7614,253.048
2034.12,-217.531,-109.242,441.764
256102,55.8828,-149.1,-6.28435
37655.7,-19.2062,65.4976,135.988
16033.4,82.1552,-62.9601,347.045
56209.9,-43.2973,67.5741,153.439
762720,-224.703,-134.667,187.256
400429,-147.707,-122.129,76.8407
406146,-112.359,68.6316,65.5669
119906,109.311,-97.6184,39.4507
162922,21.996,39.4499,49.4139
307659,-50.9137,6.37865,623.024
714503,74.7481,-285.492,164.331
271366,-105.927,10.2873,36.9262
263106,-154.869,169.695,48.9535
520575,-19.3071,-44.5246,197.973
538444,6.32618,-278.993,-131.758
114653,-119.11,-359.183,348.327
55805.1,0.3128,-6.67794,-9.15929
61514.6,143.182,-74.3886,-3.02704
80422.7,-101.614,115.644,193.094
557888,208.521,27.3209,445.752
115975,100.714,169.4,36.9027
754683,48.5584,150.884,-91.9866
237980,-12.9179,206.009,794.747
172784,274.764,-246.508,55.3714
46092.2,156.662,-30.8059,148.994
134212,-59.8174,-73.4042,261.594
9071.68,60.0697,131.063,288.127
131395,35.6916,-71.1099,265.659
69079.5,206.765,158.876,142.959
43720.6,-127.257,225.435,37.1773
275657,125.255,-15.5032,114.738
6528.45,-10.3241,-55.5947,-18.1914
158126,-51.1581,112.524,324.887
333911,182.326,114.796,451.376
68601.9,21.7067,90.542,215.094
16476.9,-77.8645,-46.4995,96.6113
225183,99.5114,88.5518,417.261
191021,-21.5423,145.69,789.574
127601,-287.053,-63.678,332.714
255045,5.71772,-89.7609,189.992
677072,166.729,62.2393,455.292
4683.21,-207.534,355.233,419.055
416608,129.881,-116.673,648.413
38675.8,25.4304,2.81027,70.5142
422114,94.3975,145.848,297.999
161680,9.49229,-39.571,245.431
17480.1,-4.41135,70.5755,16.9263
231193,-90.2069,21.5985,-29.6404
167302,68.9794,49.739,231.053
49254.2,10.6754,-7.72312,79.7129
76837.3,17.4005,-95.531,174.506
146195,-259.337,95.9343,247.207
178359,-47.4195,102.635,65.5063
28360.2,28.0465,29.5162,-111.429
247736,68.1195,-19.9282,243.254
132387,8.93212,-4.74292,138.848
213931,-191.172,-71.4941,349.26
210742,-66.9065,-54.2777,148.571
206170,-18.0312,83.0473,78.7313
94087.6,-267.961,-576.521,335.264
483825,-259.716,32.0544,128.007
13101.6,24.4537,-236.949,113.493
157250,595.322,472.591,384.839
7889.52,88.3141,29.2129,-75.9611
590770,67.4376,-78.3179,497.413
175417,-154.276,-57.3457,57.103
113923,-8.42673,258.748,519.274
206216,-3.22908,26.3647,-6.56836
89772.8,-55.8555,-2.58611,-13.2331
273891,-72.664,-95.0032,62.0112
288684,-110.257,-7.21319,544.453
89036.2,-27.2093,-159.219,240.246
443649,73.5147,-139.171,150.952
651767,-35.5572,110.139,58.2927
182217,-439.24,16.7614,730.405
21703.8,80.8081,97.6959,21.2133
1556.5,266.172,-136.417,461.147
3412.88,-129.503,-17.6238,208.093
77759.7,55.4809,95.9814,124.237
101865,-77.7792,42.8879,152.46
623422,-49.4006,-182.016,136.117
96301.7,-192.678,-37.2339,420.806
23348.3,-12.1511,110.863,132.517
246698,6.80075,72.4213,129.609
286342,-64.2523,5.89575,377.319
133377,26.6619,105.297,82.1987
267603,85.7894,-274.241,160.935
266499,193.972,-20.1861,272.817
281824,-366.043,-299.725,89.3095
149868,66.6717,-125.828,287.663
31669.7,252.478,-272.796,389.097
46228,45.5536,-93.9905,109.402
449599,-173.386,75.213,368.105
497517,68.545,62.762,139.173
29060.1,-22.6676,84.0269,113.003
131923,-121.297,301.805,367.843
399217,-172.01,-37.0518,-22.4873
259296,-130.559,-54.1804,428.148
144607,-29.0194,-120.798,140.034
244478,-116.698,118.127,351.697
203369,81.9369,103.116,329.612
206048,33.1636,-121.506,-34.1662
57599.1,-36.2557,-25.4442,47.0583
57786.9,59.6194,-43.7664,358.913
331076,-188.781,50.4778,291.579
80579.6,-420.646,104.63,2.75058
296228,91.298,27.264,182.918
53191.3,58.3766,93.9595,144.047
47237.4,-67.6394,224.282,44.6756
3760.51,-35.1841,26.6728,106.006
215628,-235.765,-58.7979,31.988
56496.2,-234.675,148.356,305.969
481291,-36.864,-185.541,203.995
365310,-32.3033,25.8421,-192.356
9986.66,-11.7492,-20.4668,64.4019
31042.5,176.07,137.554,148.273
405130,-114.096,-13.051,-140.88
182921,-64.2089,-65.793,61.6137
771560,-71.8153,93.9398,77.5874
240093,-9.36274,-190.86,112.213
341600,-62.3542,-23.8394,47.7127
181984,32.9931,24.6477,11.6765
1388.76,68.1489,-168.515,213.726
93732.1,-98.0307,-31.6157,-144.116
177461,-144.724,27.3174,14.6842
572091,293.681,292.315,326.545
90598.6,198.063,-17.0678,94.8541
30282.4,-26.2265,54.0465,345.12
72488.9,453.951,79.355,744.62
48367.6,24.4343,-1.93729,66.1991
352852,139.375,97.1776,303.532
6483.61,18.5816,183.464,287.885
149340,-102.177,26.1345,52.443
292218,11.8026,-339.077,-17.8207
1.38868e+06,-197.636,-146.531,227.244
242224,19.2296,172.248,386.862
528910,74.0764,-428.411,-145.573
39431.1,-106.572,66.2575,530.979
130942,395.956,-107.964,192.275
37025.1,-44.0231,57.0742,120.78
30649.2,15.0603,-55.7293,199.107
102402,-146.079,47.8436,338.666
491808,87.3443,216.715,-95.255
82575.3,47.0483,-73.2395,221.356
3424.19,9.59154,5.24779,154.945
180833,-35.5589,-17.0674,6.58011
95580.9,-213.759,60.2466,48.9858
56363.7,52.6506,-206.485,126
121486,-37.6111,36.9311,61.87
137030,-46.1571,1.40424,153.655
76923.9,-52.5076,49.6985,268.333
107603,18.7425,-70.0254,-36.0187
287942,166.582,77.9816,371.148
34137.1,-9.8142,-123.227,-69.3269
55437.2,-26.8428,6.51611,21.4427
597403,-121.255,-106.975,-46.6809
439874,-68.4405,-60.4371,-67.5756
200607,-23.6344,-10.1839,178.413
365250,30.8308,-307.016,-25.5946
486960,497.037,-83.84,323.257
10945.8,-10.1002,-0.851012,99.0825
74601.5,24.2328,45.3881,99.2214
254451,-76.32,-131.245,442.569
26486.1,-216.486,-4.91036,551.196
382680,-13.8809,-234.557,-9.66637
629162,29.724,102.238,257.869
306539,-170.436,-7.82913,344.762
196554,433.513,154.095,5.28861
271585,0.34017,-62.2007,-27.2211
695330,74.4737,189.827,44.4698
503649,179.229,-13.7275,-41.7852
274019,-483.235,-572.444,-68.6364
402159,-133.434,86.5081,-169.38
302365,-40.6883,128.954,40.7532
94813.2,-205.111,101.312,228.001
97200.7,126.872,105.006,334.57
61265.4,-23.5425,-2.43251,75.8286
386395,28.7886,-49.8173,257.634
7022.72,34.8164,84.6211,222.862
55739.5,-113.691,130.955,110.009
257305,58.7443,162.842,-22.9749
182346,31.2208,39.9587,46.2408
224686,55.9888,58.2211,300.05
13393.5,38.2779,12.7592,266.105
69222.4,85.9395,182.398,245.897
222984,-112.626,-563.135,-124.128
284623,-290.427,115.392,162.985
60667.9,85.938,20.044,-11.9926
66637.2,96.6884,-107.406,154.298
359997,-52.0198,-15.4014,-41.2868
91373,323.071,-34.2688,-13.4709
2309.04,-569.027,115.303,502.362
130999,120.524,117.179,129.898
236229,-63.4836,-45.9477,32.0496
617567,180.157,102.883,423.855
272788,-45.1342,24.9123,179.539
72722.9,1.06515,-193.643,55.9819
71723.7,31.5541,84.4792,19.0671
138887,-34.9583,66.204,258.782
72089.7,49.3897,-59.6731,357.385
437377,19.9793,-42.6683,204.882
146836,-638.293,57.4334,102.627
196587,-188.605,-55.8142,323.621
21966.6,-82.9306,-188.125,148.616
32927.2,34.0622,-7.72842,91.6313
133924,46.9974,130.744,16.9052
91913.7,187.809,28.9869,304.439
76816.8,-47.1709,74.0262,118.993
153743,49.7141,-77.4384,428.31
142647,119.45,-60.3294,127.916
60807.1,228.819,79.5013,536.935
582999,285.568,52.4572,342.203
173458,-164.953,-17.5596,454.458
89894.6,39.392,34.1293,165.424
22625,-236.36,-142.682,397.215
84583.4,-3.41993,-10.1226,410.088
57486,80.2685,30.2792,-197.053
210116,104.864,91.522,302.165
31830,6.88498,-39.3026,2.66646
291222,73.4271,-77.6732,262.234
337413,-228.129,-221.048,243.675
165809,47.8987,16.4783,56.2503
319908,19.3999,37.575,158.483
52572.6,-26.2793,20.5348,86.7961
150841,100.823,218.206,110.238
93746.1,41.6673,-43.5149,67.0083
15019.4,100.897,-51.0635,187.601
56541.1,-56.4342,-360.006,516.171
319266,110.973,15.0839,487.517
10706.4,48.3305,10.4417,223.459
239364,135.223,19.6755,195.284
18224,-113.189,25.3526,365.491
318994,53.7456,-20.4756,-124.168
122979,143.276,-93.036,858.186
77556.3,-52.174,-63.6151,-28.5801
60218.2,-165.464,31.9153,194.187
56921.8,113.133,73.7555,394.435
119702,-20.491,176.085,99.8888
400.884,240.436,-251.316,650.986
118087,-92.8981,52.6627,114.641
31607.6,-53.414,-56.4339,106.018
214379,42.2226,24.6624,-86.0417
479958,-265.695,-89.4038,293.82
152337,-60.3418,-47.4016,499.987
85788.8,-240.119,-129.562,148.031
6329.32,322.75,-63.11,515.524
29903.9,-335.304,-14.9028,482.084
182339,-56.4455,-22.3571,115.381
35161.7,127.442,-36.5871,149.217
349400,4.51603,-104.672,104.504
204925,268.708,-96.2247,158.266
459262,186.077,139.391,317.717
48672.5,123.743,25.7215,45.1386
441363,72.0101,334.238,-84.4948
130636,240.364,-148.987,232.922
132236,-406.078,218.245,41.707
457287,-176.997,-114.172,99.5956
148498,112.584,56.3295,319.216
292935,87.2962,37.5359,208.576
404986,75.4033,136.93,179.634
394957,114.083,214.979,76.0845
75467.7,9.00226,129.397,-150.68
980936,-202.895,-28.788,364.965
7307.51,108.717,181.334,368.862
21906.2,-44.807,29.0575,51.2959
33963.4,-97.9693,-59.5901,655.959
168349,-215.476,-16.6902,71.7755
6661.83,-120.41,-8.76892,-205.955
250358,-126.822,-42.6972,153.901
1820.87,29.2102,170.07,438.285
316853,97.699,-113.824,41.0499
210991,-2.81946,117.479,379.443
370769,-565.547,555.692,84.3426
41301.9,-62.0156,-164.327,145.225
74342.8,-68.0524,-76.076,102.821
331423,81.921,40.0555,112.152
6381.87,27.7099,-34.1288,113.378
312588,183.847,13.223,142.142
264304,-125.794,-12.2008,-94.5082
412473,60.7096,18.6047,-78.9761
228143,-22.6964,-179.897,1.83809
42666.2,149.974,119.8,251.525
217982,-66.2414,38.1755,179.146
211678,69.2003,20.2332,6.57271
363762,-151.082,-138.269,318.799
363323,154.868,-182.072,133.258
308209,-21.6416,48.4636,187.712
68597.1,-194.249,-246.292,338.378
88457,2.4228,86.0109,200.132
130852,99.3497,65.5883,-15.6811
87499,-67.232,-227.661,136.99
110405,-142.816,-67.3543,155.7
396082,199.948,29.7068,202.487
88883.1,235.697,-165.156,-19.3975
138473,89.5621,93.9652,134.27
788327,-12.3339,109.851,604.769
27089.9,7.48455,5.64065,67.0597
32214.8,-108.768,-17.4185,391.814
18793.6,-20.5511,84.7292,69.294
129681,12.5245,105.95,-5.71498
118650,190.703,-72.6728,463.237
326990,192.145,-244.738,262.604
247197,-42.9889,160.808,156.393
13496.6,107.769,9.08585,-33.7819
120850,44.0624,-160.314,260.322
36360.7,1.42572,-21.2436,502.166
122000,-1.60682,58.118,-52.8459
28430.9,-103.365,-62.7371,156.922
271689,-135.541,-205.175,458.525
12908.9,84.4765,89.9081,173.184
240739,124.618,8.08702,202.625
12550.3,-187.834,104.294,270.18
353644,-35.6342,-162.991,404.969
190091,117.671,1.42533,86.5035
143733,-36.5858,-58.03,181.19
450930,121.094,1.6698,287.187
282351,-77.5131,354.828,468.344
32098.7,19.3957,-67.255,71.7794
68013.9,-22.3924,-206.007,472.87
578610,87.2636,187.651,0.319273
3162.95,-82.7154,-99.7231,6.96547
271133,68.1671,-56.331,43.2722
309863,-44.4334,60.3877,-80.4863
45474.1,-5.12527,-36.4142,-72.7602
10141.4,-185.16,-181.577,270.647
288698,-34.3344,9.93955,137.823
31215.1,-197.842,31.557,55.5221
401756,-18.0397,-75.0967,171.644
75506.7,-78.1817,8.15472,12.4193
427078,-180.779,-253.609,297.226
169925,-32.7155,136.691,137.614
613575,-85.8303,58.7099,396.337
291695,172.291,239.062,106.838
153622,57.002,133.413,804.491
286439,219.423,61.0635,307.979
435834,-202.677,-43.3313,275.038
214550,77.6189,44.7614,122.871
55081.8,2.96363,-109.635,65.8382
51468.4,-70.9591,-47.2543,21.8216
316710,34.2281,-38.6018,104.548
1819.34,-72.3029,53.7805,81.5463
212831,-26.3428,-48.5642,119.923
80639.6,41.7295,44.4345,234.235
188054,-10.876,-85.9177,52.7142
18150.5,52.2372,-57.5431,-35.8904
179522,-123.28,-29.9973,309.977
481336,189.907,179.881,321.276
1.08804e+06,-71.3727,85.2273,140.17
266201,119.677,-115.771,69.4846
304405,-6.65777,-17.2552,56.8991
130208,-262.085,120.48,117.235
192277,138.972,146.219,144.502
513831,86.3365,-73.565,192.56
164155,-46.9945,-71.1767,80.885
11117.6,27.2957,0.13763,176.737
188254,-184.571,-45.3184,329.475
98756.7,-74.5139,15.023,269.459
39405.9,37.3032,-41.0353,324.884
238284,-81.5639,108.329,426.092
649366,94.386,55.7035,148.45
185522,55.324,-178.814,163.496
99929,-45.7295,535.855,146.537
172340,-52.8483,-12.523,312.696
150517,19.3224,123.114,311.178
520802,-226.603,-105.019,49.652
53617.6,-43.2789,36.4786,28.887
10612.4,14.1001,194.31,441.13
3358.5,170.588,-102.719,535.851
272761,48.707,-49.4219,-18.2251
172626,107.617,32.1751,136.028
63317.6,18.5808,115.862,147.366
156031,27.1732,86.7405,273.857
334955,-199.248,4.76764,218.691
236532,-93.9591,118.786,247.268
573464,141.556,-144.945,-73.6818
205643,-144.619,-39.5862,88.9511
1.40053e+06,-43.1789,-116.25,114.218
15432.7,-8.30879,-65.5499,111.715
286362,43.6824,78.0476,125.72
25532.8,35.8491,-341.161,-161.916
173302,9.34657,101.666,361.281
96866.5,-17.2106,-114.168,449.585
86342.3,106.091,187.229,-146.323
206662,194.425,-110.534,686.467
641208,-22.6467,170.047,220.559
69083.9,58.8799,101.615,214.519
3623.22,29.6606,21.0406,349.353
50456.7,133.458,31.7303,115.373
53078.4,-29.2925,-183.293,-26.7098
421106,-249.258,-222.735,359.715
427143,-362.493,13.3948,228.241
205928,88.0872,-18.0297,-0.98806
27253.7,11.7792,-0.306713,567.7
148389,31.5115,51.9935,124.342
21536.9,79.8726,-59.7305,261.792
172243,60.1366,10.2931,-27.4004
324794,-131.853,27.4867,95.7527
277489,15.1686,2.38366,309.446
38049.3,16.4478,-15.137,140.7
14879.5,115.839,841.407,887.692
236773,145.581,-43.9829,314.678
249126,242.338,292.884,320.776
84037.4,25.8108,-139.44,540.921
128914,-103.771,-143.186,360.286
394.055,48.1827,-19.9013,73.4278
590112,-361.247,174.196,-251.029
65289.6,129.578,28.5201,81.7543
5683.54,45.4868,-14.7365,71.8254
535986,53.0244,-451.455,148.856
397537,6.55168,-255.6,501.846
49126.9,-51.634,-155.313,-89.1168
420228,51.7469,-142.12,70.3206
329070,140.594,-91.3647,-105.383
174696,74.1152,-111.377,78.21
18569.7,-85.7767,-226.525,263.444
55064.3,96.7737,-65.9401,183.45
105838,114.94,10.4432,440.463
101636,-342.263,8.5245,-32.7081
347059,-149.382,-152.222,306.673
434797,20.6507,-0.485266,149.087
48812,289.139,30.6575,393.809
243040,-319.261,-18.9709,237.956
88209,-3.00299,164.178,283.419
220567,163.095,-294.078,333.387
108391,97.1914,-59.7479,191.734
277880,-78.2848,-115.08,50.7665
49366.9,-12.8876,-76.689,180.806
468707,-427.9,323.915,129.443
226898,20.9526,-25.7515,277.726
70464.4,-183.718,129.168,438.778
227245,-114.837,154.247,161.928
386716,-358.405,35.3951,156.986
293108,151.577,77.6465,111.691
18759.5,44.6826,241.37,515.282
230785,49.2398,107.817,168.042
519128,40.3566,-114.1,3.35465
307029,51.8155,-131.017,34.0536
8587.47,285.422,-133.722,336.22
482631,208.331,-375.704,424.287
1607.27,-11.5279,7.07166,159.373
223168,341.18,72.2621,190.621
121683,70.1155,-50.0855,128.249
182451,86.65,174.891,186.111
54854.6,152.618,142.299,104.837
47670.8,28.476,71.552,242.597
34056.2,-147.563,-33.3782,177.502
345177,300.873,135.952,91.6618
54660.8,-28.1082,83.3761,-59.6232
100909,-14.7765,81.4367,68.7974
203583,-46.2175,-87.3564,282.591
532281,-120.778,-70.7354,241.11
296574,26.064,-98.8921,31.4426
89411.2,-3.64232,-43.7346,358.29
11341.3,-142.558,-16.7336,155.812
103528,142.011,-198.859,232.652
72133.6,210.328,2.22955,694.39
5989.64,-91.7202,3.18122,269.96
264063,158.088,-103.54,94.7887
179282,-104.435,7.05501,-101.881
10871,-240.944,-331.141,223.056
88350.1,48.4291,14.595,53.2155
280908,-91.6348,41.074,272.486
192226,-92.7972,23.3722,303.891
69477.5,8.35788,-45.4391,-110.62
243053,-14.3406,73.3678,26.178
37565.4,80.7318,-62.4194,125.207
488229,159.693,-40.0968,161.641
168843,53.2385,-20.0138,86.6408
157221,-32.7934,-60.1017,350.71
202287,242.769,86.1926,668.886
272848,-194.725,-120.356,21.1271
376046,-1.50664,-38.9768,17.1173
206528,-57.1144,95.4697,94.0399
156808,-16.1956,33.6906,124.868
88629.5,35.2567,49.4223,385.431
