14105.1,11.9838,23.364,199.014,66
55015.2,-109.324,57.825,-34.4608,44
220961,-16.0432,-45.0193,72.5465,0
188913,133.553,62.4725,17.6449,22
120032,-44.9811,-121.446,118.855,45
17407.8,57.7686,-10.3044,35.8806,46
83673.2,-4.6085,219.62,653.537,1
44635.6,-15.0033,84.3113,92.0824,23
150419,-87.1434,-31.5281,-63.0323,47
414025,-121.219,-97.4503,294.718,67
202266,-89.5635,-117.378,129.489,2
253266,76.0508,-379.037,-18.8175,48
438123,257.248,-276.464,6.64281,25
125658,44.5087,25.7434,316.94,68
64269.9,-40.8624,-63.322,-87.0749,49
383551,-199.784,94.6236,176.631,3
33391.3,-51.3246,-123.361,113.625,26
135220,-52.664,-131.008,65.1899,69
145849,-98.8504,-254.389,-3.06495,50
505.447,11.217,34.0329,586.64,70
34883.6,-37.0311,176.573,165.182,71
125786,-36.6798,83.5294,120.271,51
282691,-45.2764,26.0582,173.613,4
212554,48.0757,-20.1938,127.429,27
200694,-185.596,-32.9031,117.935,72
334209,70.7356,-168.634,116.919,5
153493,7.44896,5.38241,190.397,52
340734,-344.139,72.1995,176.09,28
21808,-66.9439,-55.7945,107.208,29
329375,175.77,-36.4365,39.5145,73
417636,130.694,-63.1118,24.0712,6
54952,-11.1489,84.9571,181.509,74
386430,191.357,-22.0938,152.204,30
122776,-101.516,181.102,-260.562,7
438412,-212.401,334.781,-142.486,53
149674,71.9466,122.791,297.633,75
32550,58.927,-197.065,153.532,76
116728,10.1265,-56.1619,-43.1611,54
18644.6,44.5787,1.37541,209.933,8
8529.56,281.637,120.036,-52.2432,77
89453.3,-82.941,47.1823,170.032,56
112796,-78.6571,64.1827,418.841,78
62010.8,98.1751,29.7963,159.679,79
417119,-140.782,229.274,393.284,57
371023,-27.3831,71.1202,8.25601,9
937.99,-19.3886,-39.5349,95.1052,58
17643.2,0.15741,68.3332,251.906,10
11548.3,26.5638,79.6608,36.1811,59
591195,-74.5074,151.828,198.66,31
73547.2,-49.4319,56.8282,174.757,60
81996.8,176.35,-37.0176,315.416,32
128646,150.361,47.6547,78.6952,11
60349,-5.29394,-68.7899,7.24096,61
9577,8.54991,-77.1235,216.921,12
60269.3,-16.9088,40.1864,212.447,33
34999.9,-5.57945,-55.2055,268.923,34
600804,-314.621,-105.52,486.906,80
254952,-258.361,313.207,201.054,81
401057,15.6197,-0.470475,118.116,13
618716,101.58,-23.0529,29.8295,62
433063,-94.0822,28.5175,243.273,35
98725.3,-125.749,-57.5001,146.459,82
106796,-140.654,30.3224,127.601,14
43805.7,-54.1028,-23.5482,416.911,63
203285,-37.9872,-190.119,775.054,83
305780,34.9617,-3.9711,50.4735,36
116538,73.9197,-38.6973,-46.267,84
39098.3,-133.366,-210.027,370.738,85
247729,-85.8662,104.835,9.49878,64
142971,40.1242,37.729,42.8501,86
29962.9,14.387,38.1136,70.1788,87
166719,11.1818,54.4727,-103.237,65
760250,135.938,482.666,266.226,15
203266,-115.077,-74.0997,309.884,88
601465,162.286,119.27,65.9079,37
7358.45,23.2925,-112.082,104.381,17
38536.8,5.58891,-11.9689,164.811,89
202130,-86.0303,76.5214,265.246,111
48926,-63.4847,-93.8287,135.909,38
39160.2,79.6106,115.606,76.1885,113
225575,26.2259,157.605,224.336,39
39223.6,-283.822,8.25962,445.781,114
39262.4,-66.697,70.8792,296.863,40
245449,34.662,-20.938,227.483,91
15790.9,-80.3062,-39.1584,258.996,92
224409,9.92035,-53.8504,240.028,41
261954,-341.35,259.208,0.710471,115
260586,-149.422,34.4052,44.7135,42
1.07373e+06,-192.393,12.2043,-380.533,18
87982.3,3.00091,-163.017,80.0066,43
578963,50.2068,120.188,112.995,116
350334,-108.761,56.4593,81.2276,19
158437,-27.8395,-6.77712,599.78,133
69353,48.8276,107.051,285.966,21
863984,276.977,17.7306,280.854,93
92313.7,-10.6915,153.59,284.602,117
128594,141.582,-59.3454,17.1837,95
232914,43.2109,28.59,80.875,118
375101,117.403,19.7567,-109.058,154
485801,-99.5259,51.0687,-13.8143,134
86709.2,57.0006,-9.16434,252.741,119
26611.2,-134.14,11.3505,365.786,155
289886,-211.255,23.0475,9.78399,96
95288.4,-34.911,-29.3716,79.9472,120
43123.1,47.9779,-200.311,106.101,121
129293,-67.3114,78.0762,-116.722,156
54240.9,34.1458,370.518,395.337,123
85072.2,49.2777,35.1403,301.125,124
129382,10.0841,17.703,65.6258,125
166524,-25.3468,-181.643,-44.0773,157
116880,-29.8259,203.816,15.4612,126
647563,-315.144,19.5526,-70.0306,135
120896,-195.951,5.38551,-173.531,158
677771,-48.9461,130.602,251.831,97
137032,232.781,105.882,526.084,127
83702.5,-68.5484,-32.8909,-78.0408,98
127703,-238.561,-165.536,707.448,159
66286.2,2.89771,203.789,98.7591,128
8442.02,7.73806,35.6897,-46.7267,160
267433,-98.7274,-14.2557,167.153,99
97838.5,-29.1316,16.3081,27.9659,161
3737.66,20.4304,22.6815,-73.0152,100
127285,13.8798,16.2347,224.63,101
469303,-182.048,22.8579,162.65,136
515879,137.136,-170.503,79.4651,129
118004,76.3384,43.5356,364.418,102
174202,-92.6367,-115.014,73.4028,162
119895,-11.8805,111.664,84.7422,103
49720.3,27.772,-90.7027,-167.608,104
172099,-91.0164,36.0398,153.539,164
34826.6,-8.40851,134.004,60.7447,105
318367,173.729,346.684,326.511,130
65934.6,277.015,142.744,187.153,165
110896,37.3909,20.4536,53.9999,106
304435,-29.7957,18.2318,107.753,138
189848,-67.4167,41.0059,426.436,107
307327,26.3755,-26.1435,126.606,131
69183.1,-208.758,-463.862,394.954,139
34846.3,81.0583,146.697,246.826,177
91289.9,215.727,-29.2645,79.9496,108
72453.3,22.7526,25.4957,-102.941,140
57736.6,29.0777,89.433,180.495,178
51457.5,189.783,5.91436,167.81,182
323003,-9.61825,-60.305,79.6888,109
271364,101.998,86.304,149.706,141
543780,220.419,76.2099,227.208,166
29161.5,6.28194,46.3537,126.336,167
99879.6,-3.89793,-32.8936,177.514,198
119127,125.569,44.459,118.06,169
214222,-38.2074,-159.935,264.488,142
106157,78.6687,-42.2205,17.2132,199
83108.3,95.7841,18.5429,7.35317,143
605119,-113.691,142.782,293.406,183
22551.9,-10.7041,-157.936,437.969,200
107404,9.46467,23.847,212.673,170
163342,-12.8542,-98.3734,168.219,201
308385,-186.832,-81.0853,10.8136,173
71853.5,74.4228,159.597,290.574,202
88909.9,27.0476,-4.6558,245.948,203
281553,-39.4037,109.306,95.3128,184
148305,16.5012,15.6985,72.0035,174
13158.6,49.1495,-157.1,106.077,175
183683,-25.7208,-68.0096,303.875,204
1848.24,-5.31907,-36.4688,315.335,205
104371,0.390623,-78.8467,271.192,185
810637,145.67,160.344,205.929,144
20422.5,-105.461,-31.6056,96.8103,145
327072,39.9591,89.5703,-211.327,220
341706,-0.745844,114.654,-69.2334,206
256390,16.0776,-19.4748,199.996,187
121071,-24.2098,175.871,-24.9973,221
224083,292.562,-258.044,61.169,146
242422,197.027,-30.3238,174.282,188
174539,25.2764,-14.0789,107.407,207
89800.1,-216.612,46.3113,190.76,189
64131.1,-521.647,-74.977,63.3897,208
44467.9,98.2945,-51.2743,9.96818,147
32521.5,11.0847,93.9367,101.251,148
388326,32.0145,69.5873,143.164,222
76687.1,337.825,-57.8687,-117.755,223
301730,130.848,114.092,96.5776,190
251056,9.5227,-12.3695,211.232,211
58089.6,4.56125,-43.2776,45.5361,212
298556,-62.2028,-102.067,221.573,149
135275,-117.144,-51.0419,97.2025,191
85101.7,27.778,17.0726,124.553,224
54555.1,-286.175,320.56,453.286,192
54083.1,137.818,-13.5488,115.759,225
153483,141.779,86.6029,237.619,150
206672,-177.403,-35.1093,308.673,213
38771.8,33.054,6.69964,-8.21518,215
213188,-9.63976,-19.7301,192.595,226
32070.6,-239.218,76.4991,277.176,216
82186.9,99.4725,89.7088,329.351,227
289533,47.2444,-92.9899,152.704,151
14836.3,45.0767,-57.4311,57.6025,228
42229.5,48.1977,42.889,195.219,152
430456,79.989,-27.8531,-86.0178,193
13372.2,67.2519,-48.4456,104.532,153
106494,-14.5855,63.2153,99.7008,229
137766,3.36482,123.279,-102.933,242
13476.4,57.7687,-0.843813,38.3426,194
36205.1,-1.06606,31.5491,47.3201,243
170019,112.274,54.4796,219.877,230
16939.9,-64.2688,-42.138,76.6703,231
216842,67.5786,-225.949,198.905,195
511004,-23.994,-122.682,180.244,217
269806,-3.95336,37.6402,152.029,232
461278,-12.7051,-30.758,-21.7125,245
13838.4,-50.3666,-21.3793,13.4988,246
220523,-44.1825,-8.01595,201.671,233
97231.8,-46.4557,-40.6318,573.977,247
434061,63.8122,-196.804,-17.6467,218
652703,91.4133,-75.0661,-5.48916,196
45788.8,-39.3895,40.3636,251.602,248
51925.1,-105.443,-102.518,175.492,249
359734,236.037,-39.4954,59.1601,234
392912,89.9809,275.778,370.492,250
335219,-256.022,311.003,674.028,197
151116,-65.2266,132.364,-44.9999,235
19174.2,167.454,-146.721,164.459,264
105296,57.4555,-147.579,119.315,251
119756,47.6384,82.2991,-36.8531,265
5220.32,21.7241,66.8045,188.106,253
733006,-71.6807,126.287,259.596,219
15990.2,100.697,-108.75,267.116,286
43556.3,-108.186,-289.82,286.711,287
522464,117.075,59.1864,418.962,236
549439,-3.87349,-39.0618,51.3857,266
213350,159.991,81.698,-239.656,289
8384.11,-124.553,-131.281,184.741,267
155569,-197.646,-12.9045,128.7,268
376872,21.6927,147.626,304.606,237
776436,71.158,37.6256,353.188,255
166796,-43.1996,227.843,158.885,269
487774,173.353,29.0877,-80.6735,290
153949,-159.237,20.5683,4.1152,238
147950,-137.09,258.114,149.818,256
159185,76.977,-13.9478,50.6235,270
20894.4,29.1073,50.7729,152.001,291
35304.6,117.737,45.3682,108.744,239
202962,-23.4409,-39.5874,-12.3162,257
192254,-2.22724,91.1687,40.1564,241
273619,-43.0617,-57.84,54.5157,293
176528,-154.423,70.3751,186.215,308
60220.1,-8.81637,-68.4932,49.0644,309
505042,203.924,5.81082,145.589,258
36679,-67.7371,108.476,91.0061,310
19797.7,-102.827,-156.852,113.744,311
492297,-47.474,-1.39835,-30.145,271
51358.4,5.77699,-0.184571,122.963,312
20723,22.5659,-25.6461,24.6967,313
137060,-150.577,169.883,119.552,272
372358,38.6877,-97.9188,-183.864,295
168310,-11.2849,197.708,118.552,259
75164.2,52.5754,72.9436,70.4822,273
288116,97.7631,80.6239,163.171,314
29474.6,-97.9454,-45.2788,273.957,315
605418,69.6284,-19.0998,30.1364,297
263667,-175.768,102.572,169.665,316
767943,-174.816,-87.4222,34.7215,274
230211,3.51406,-90.5354,388.195,299
154449,179.124,188.402,256.716,275
262011,59.4554,-86.7761,266.344,317
1.02847e+06,-310.401,41.8683,66.7089,260
153341,-37.3794,-49.6171,-62.0687,300
261828,-199.798,92.3992,228.045,318
360727,-127.782,-36.9901,14.0523,276
10333.1,-20.3235,5.4971,216.786,277
391538,277.67,27.8576,133.774,261
132835,-58.9245,-54.2677,-101.951,319
266337,17.0887,-281.516,222.878,301
51960.1,49.5759,-62.1296,227.733,303
274661,-65.0105,-362.629,-175.347,263
220153,-28.3047,-25.7975,246.245,304
372754,85.1583,-7.16211,-79.3665,320
554846,-32.9174,-66.6395,79.822,278
39416.6,11.2818,-3.60611,25.2968,305
33444.4,-39.1713,-28.53,154.439,321
72415.8,154.94,-29.7124,247.448,279
204747,-221.784,-221.976,606.45,306
1627.93,-139.152,-56.7315,201.448,307
277687,53.2171,-115.149,89.0144,322
133501,210.219,-7.06636,115.709,280
285981,46.7219,-3.29569,96.7685,352
239753,-133.821,-223.079,273.265,323
813663,-163.821,330.151,435.948,330
155220,88.202,59.8187,147.521,281
158389,138.666,41.2545,129.431,324
10494.1,32.2392,181.293,261.188,326
172887,79.4944,5.25824,176.509,282
2398.25,-88.2055,-62.2127,451.789,283
105033,-45.0866,-37.2959,76.0765,332
139129,-194.5,169.587,-32.2264,284
89779.7,-236.552,120.411,3.35531,285
224018,-63.2138,64.9032,336.859,327
332453,-314.25,-191.387,159.593,333
79556.1,-105.866,163.296,96.8822,334
217416,-63.5278,-12.3022,31.9262,328
292726,44.885,-162.795,101.648,374
188923,-287.009,371.743,-38.6982,335
22146.4,188.526,245.168,46.6732,375
156625,65.8712,-40.6138,74.7867,329
74670.9,96.933,103.157,365.161,376
136204,3.21903,21.9935,-18.0469,336
38641.2,17.8807,124.747,243.826,337
1.33946e+06,-41.524,-420.574,-113.007,353
24347.3,-72.4972,49.3368,389.405,338
276727,-57.8371,48.6868,136.84,396
90801.4,-66.7587,122.59,145.938,339
99205.3,-12.9911,-93.1724,263.399,397
38390.2,-92.0827,-31.4265,248.785,340
469365,-77.2096,-16.1928,102.057,377
125651,95.2932,-22.536,82.5787,399
360788,112.737,-44.9285,69.5303,355
178341,-10.4562,137.256,244.724,400
358425,0.655925,-67.9339,49.5503,341
311004,58.1222,-320.824,296.506,356
100019,229.463,173.575,385.877,378
111657,62.6471,85.4622,190.555,342
67054,-87.0313,-244.878,147.186,357
93604.5,-137.751,181.626,252.473,343
359271,67.9604,-14.2665,-29.5129,401
284574,141.785,-155.634,260.942,358
144581,48.8043,-2.52419,365.324,344
117701,166.398,-114.166,-113.182,345
282561,-99.2668,169.385,381.034,402
15386.2,68.3267,26.2048,-36.9694,346
329576,-7.11595,52.4437,272.966,360
314612,61.2484,-20.7116,60.3268,403
27629.1,13.425,88.7988,156.063,404
350471,229.41,-80.6214,381.206,361
539237,-5.07882,-127.786,-14.0247,348
467278,43.7315,-143.551,60.2724,379
39271.3,-118.589,-3.52445,134.049,380
356063,-123.575,13.4267,186.475,362
78317.2,-41.1213,28.4712,158.45,363
408672,57.5524,40.8675,250.697,351
837355,99.4367,17.9062,-46.7565,405
77973.1,14.6187,100.27,115.52,418
263764,427.93,-334.658,97.9676,364
53553.7,-3.56782,86.1931,200.523,419
44726.7,113.229,-21.607,187.118,366
484623,93.5475,-100.641,-15.5282,381
10710.6,137.967,-4.96578,212.107,382
212616,43.1312,93.7474,-16.698,367
133536,-126.123,42.0568,-16.131,384
273269,74.2583,90.5008,-23.4145,368
540592,92.9211,-33.3053,-63.4179,422
228960,234.219,76.6535,-161.111,386
467873,-71.5509,20.738,196.491,406
78097.3,-21.4025,74.5068,179.187,387
177603,67.7482,-22.3651,-46.2006,407
86657,-126.818,9.65634,-61.8785,423
231881,155.094,244.609,303.911,369
289951,-187.667,-209.659,-75.9645,388
93386.5,-133.79,11.6689,-51.0444,408
174621,-48.2333,-42.4843,40.5349,389
90520.7,129.807,65.627,-2.70903,409
254919,77.0588,46.3473,113.391,370
359864,107.29,-83.323,24.8619,426
2171.73,22.0653,-61.0201,70.6733,371
95487.8,-172.403,52.9856,93.1672,410
123148,-136.891,-72.9049,53.52,390
278996,-39.4771,-4.03655,44.7674,429
15636.7,-109.337,-48.9019,23.551,391
305222,-53.0384,130.787,96.0699,411
141046,-304.948,16.6948,425.463,392
91456.3,118.413,43.71,170.402,412
439185,-139.479,-0.66652,176.479,372
370907,-124.034,-88.6451,55.936,430
149019,2.12411,-60.7452,186.67,393
23887.2,16.7562,48.9502,90.9726,373
4896.51,-30.3128,-42.7421,90.3415,440
92196.1,40.934,-156.792,423.87,441
169462,-49.9652,40.0076,178.076,431
280476,-252.049,182.447,455.046,394
567909,33.557,35.2048,167.945,413
140344,-17.8819,98.4429,-47.2038,442
227249,-114.316,194.098,302.516,432
234383,271.852,359.8,77.4794,395
94518.8,136.34,114.286,41.6031,462
295351,206.368,-164.808,31.7942,443
299341,-192.704,110.181,260.077,414
172625,110.25,2.4359,75.0205,463
222504,37.6959,-185.997,210.182,433
26916.6,16.0906,68.142,116.677,415
51455,-99.7158,-73.2705,235.064,434
208653,-16.6671,104.105,547.2,435
191234,196.48,-75.5854,138.824,416
262471,58.9265,164.414,266.915,464
348662,-159.024,-42.333,213.739,445
53755.9,14.6256,-91.5913,110.181,417
70392.8,2.72267,-209.933,-11.2988,484
277610,91.2982,-126.095,110.825,465
574754,-84.2263,76.2708,25.1868,436
444009,182.299,-13.713,103.859,446
248488,150.749,146.907,114.516,485
146375,8.29652,-104.969,239.646,447
487061,51.7608,-175.031,227.385,437
586213,175.03,-43.867,119.156,466
100399,9.34283,-117.434,-79.2732,439
236319,182.203,41.0082,116.133,486
158218,61.1934,78.8229,257.479,506
483339,95.7114,149.424,-46.083,448
45301.5,56.8378,88.798,310.953,467
221443,34.8858,169.199,416.248,449
46538.3,14.3167,131.724,199.031,468
599971,-134.531,-51.9519,159.947,488
706460,-86.9966,-61.6265,536.488,507
158467,64.3952,-78.3861,66.0647,469
57113.4,-25.8968,-143.019,220.217,489
165910,-24.3395,-126.294,84.6257,470
288390,64.3653,37.9782,225.08,450
150739,-53.8446,41.5307,-17.1779,508
113613,-9.48258,-18.5605,161.303,509
113320,-142.204,76.3678,192.877,451
286709,77.5467,75.7845,26.644,491
91981.4,42.9661,-181.38,84.6118,492
317804,106.732,-201.449,-13.2638,452
563531,-130.123,160.389,73.0184,471
414048,40.6987,62.4829,-61.9063,510
161076,-75.2374,25.852,184.836,453
170314,-4.12509,113.828,-41.7113,472
245923,57.0888,95.3846,131.992,493
138943,-13.9826,7.25191,314.934,511
121133,78.4752,-273.173,462.413,454
248021,-29.9967,-119.421,150.377,494
189745,84.11,-21.5814,90.9838,455
498344,389.25,217.229,-277.002,473
268834,54.9851,-44.847,224.435,512
98466.7,172.529,40.4364,132.746,456
29463.8,14.7199,11.2489,-17.1096,457
169546,74.0838,-33.62,1.37597,474
314728,123.216,294.254,31.3286,495
136075,6.14038,-5.16586,64.6632,514
69361,-26.3744,-65.238,30.8795,475
217183,115.893,-72.5176,159.841,496
126296,41.3017,31.4311,46.9919,476
268170,-317.038,375.223,669.058,458
48113.8,193.54,24.9037,529.924,478
246911,52.9736,125.589,144.557,497
108500,-104.441,-90.5932,120.069,498
531281,-135.343,84.9773,119.468,459
872641,-265.892,-98.3188,30.4153,515
241367,-31.2195,74.1088,246.464,499
29105.3,-134.48,104.726,149.754,500
89063.5,-38.9337,70.9828,147.41,516
663193,171.639,241.99,-23.4088,479
491955,-33.6845,-236.895,126.42,460
148143,238.794,219.628,223.059,480
63354.5,-6.68643,61.4685,182.109,461
146668,62.2235,-44.6547,204.414,481
472948,127.245,-3.18621,44.9159,517
136094,-70.2642,-102.585,291.21,482
72085.7,131.607,47.9751,-79.4093,483
741282,25.4283,-98.6056,-44.6917,501
18765.6,-0.0376736,6.10558,100.83,518
74738.6,-84.1642,29.0861,330.954,519
206706,216.464,20.2372,76.7662,502
418524,66.3636,323.577,189.461,528
281922,88.7624,109.57,237.301,503
531889,-308.548,169.459,146.367,520
578967,56.89,104.881,7.65924,550
677665,23.7204,-24.5168,114.919,530
317726,27.4157,33.945,0.721979,504
153603,124.872,-43.2568,235.368,521
126727,-139.332,248.088,114.168,531
17435.9,-107.45,66.1197,-750.496,522
422564,-39.8695,18.9552,145.116,551
180594,-97.7537,23.4061,-106.723,505
259530,-113.137,-187.477,298.713,552
5009.04,24.7496,-482.232,0.157321,572
180963,86.1708,-47.9197,198.532,532
553476,59.3109,-87.8149,-28.4801,523
346935,39.4558,-257.334,44.2344,553
106645,-120.558,27.77,20.5676,554
368328,231.262,-24.3051,88.8333,524
622376,142.53,150.05,333.893,533
71733.7,46.4894,-9.37136,30.0101,525
16794.6,-15.6697,-67.0921,117.083,526
809319,-92.4305,-122.233,-46.6461,574
304568,14.5408,-96.6161,140.685,555
152949,80.5451,-174.696,295.112,575
291666,-19.631,-8.48758,123.128,534
130642,-184.698,125.168,-6.42905,576
65146.2,150.637,18.5986,123.987,577
242939,-4.4981,-49.1977,157.448,527
152229,-92.6425,28.3493,10.9826,557
157124,-99.429,3.11403,323.848,535
88179.1,-53.2598,-127.93,230.162,558
15857.2,32.176,63.565,306.454,559
1949.82,-24.3035,-107.053,131.789,560
153369,-56.2421,301.057,-38.5325,578
155766,-89.6162,-16.109,35.8707,561
275679,-53.489,32.6858,129.889,594
47464.9,-41.0239,4.73195,102.862,579
35629.8,-77.2933,60.8087,148.527,596
46092.5,-84.2953,2.579,327.394,597
409782,208.253,-403.94,243.688,536
259673,-5.47894,-240.998,139.992,562
97641.3,84.1124,-32.1823,398.453,583
179942,6.17291,157.129,-74.3305,598
138192,-30.8853,-435.993,31.0718,563
188889,-139.529,-373.914,173.339,584
223284,-2.64242,144.22,275.229,537
5114.12,-68.9217,10.5105,95.2187,538
55936.8,47.3637,52.1294,105.354,539
238667,-62.9121,261.867,39.0739,599
90148.7,-187.679,-216.197,220.898,540
132137,-136.801,-91.2853,491.269,601
44620.1,36.8964,113.545,77.9671,602
655770,293.988,116.414,51.6481,564
387700,178.88,-157.327,82.5246,541
71335.6,64.0533,42.1863,339.831,565
731710,-24.0295,-153.471,87.3679,585
91171.1,164.976,-84.2535,157.598,604
23063.6,125.916,23.5752,155.867,586
140976,-24.5577,-87.1146,58.0245,605
113736,-40.5173,40.6454,78.9707,606
158943,-222.578,-19.3016,155.992,566
223715,-92.2501,-413.157,130.69,587
51520,-52.7422,95.0169,160.801,567
463536,-56.5209,36.2769,363.746,542
570310,-124.85,31.7478,-25.8346,568
453940,-42.285,-111.327,210.629,607
374346,-105.017,28.3661,62.2134,543
17307.3,-45.8928,-91.2156,54.9084,608
739639,106.941,-96.9999,510.953,589
111079,0.887066,35.0963,72.7372,609
72455.9,9.48483,-57.5961,75.7295,591
67538,49.6184,8.41659,138.92,610
315405,68.0454,-172.999,276.81,592
473622,190.325,28.4161,-5.04997,569
295623,90.8262,-247.994,-27.8154,544
82149.6,-101.638,-7.30512,293.653,593
288946,-79.749,272.513,94.337,611
49903.5,-54.5707,-174.086,93.5349,616
563183,-154.147,85.3386,40.6393,612
708810,65.939,-71.8427,145.343,545
228063,-14.7063,2.27853,188.907,617
14378.4,22.1935,108.404,-18.4862,546
56018.5,-5.70595,-92.5015,13.3367,547
739445,-5.6944,-162.302,-29.6566,570
4814.82,45.4359,24.992,181.643,549
30718.4,-36.4746,112.841,130.754,613
42730.9,-232.499,118.758,-16.6548,571
86785.2,12.6322,30.3135,42.0408,615
390183,-101.017,116.675,119.921,638
227250,200.678,-140.102,555.414,618
91246.9,20.0169,-15.9626,111.571,682
319512,60.6577,-91.6186,350.722,660
66775.6,199.823,58.0653,135.528,639
89069.1,-31.1264,130.307,-203.618,683
230740,-298.796,-134.563,253.943,619
175049,155.841,67.305,276.016,661
558170,-37.081,-84.8039,58.7292,684
166434,156.902,207.977,196.51,620
289459,-150.347,19.5122,-22.9617,621
364351,-150.859,89.0807,52.7261,662
9056.46,30.6747,64.2392,166.363,624
13107.3,-9.81454,-48.6582,362.695,685
100307,143.046,-12.6963,55.9105,663
16907.2,-81.6887,-5.86234,87.8363,664
723492,120.237,-350.01,132.534,640
7970.99,-95.3125,-10.966,101.345,641
169942,22.2689,26.0458,137.476,642
437014,-77.9076,-46.0203,-6.06331,625
120295,3.04284,-4.12045,102.343,643
121424,189.969,-90.6182,305.177,626
225987,84.8161,201.755,178.887,627
865867,-47.7139,62.7143,226.774,686
195276,-103.278,30.6928,173.965,644
72906.7,31.3753,131.792,-56.0998,688
65923.5,43.5647,-38.6586,159.105,628
620126,-282.014,128.729,396.042,665
24718.5,-58.5913,-5.03113,20.409,666
20434.3,53.5341,-16.7027,-3.765,667
254792,-146.763,-103.338,247.601,645
72517,-253.156,80.698,-203.674,689
10055.3,-140.527,187.25,275.405,690
244366,80.4017,36.2023,40.6911,668
415747,18.5506,-224.028,188.994,646
353063,-88.8581,-136.899,-38.2906,692
208877,-65.8502,-0.0912642,34.501,647
807898,214.025,87.5661,266.508,629
216625,73.2572,-62.7266,51.0411,669
39665.2,-20.5516,-27.4177,162.372,694
102988,45.6962,-41.3784,197.495,671
174297,-245.532,-94.854,324.609,695
364245,39.2681,198.037,-89.1962,648
259717,-259.724,-129.772,-60.9783,696
158591,25.2445,-0.250587,98.7891,630
90101.9,-66.3639,-57.3549,-20.3678,697
101975,-75.2338,-67.1466,129.925,649
291412,-144.746,-98.6557,132.603,631
334841,-149.988,106.134,67.8116,650
925836,14.8047,49.4045,8.02524,672
190350,178.551,343.667,445.922,632
391859,220.704,69.5303,-109.492,698
72971.3,364.522,-395.002,435.232,633
18606.4,-67.6347,41.098,129.915,673
126616,74.4264,44.7076,790.972,634
2515.46,1.97525,-104.248,172.097,635
219508,36.504,-47.6499,212.356,674
357025,109.76,-38.7227,652.561,651
33350.1,-70.2738,-39.6636,10.9805,675
191127,-92.924,-4.51043,347.674,699
181236,-66.8341,-139.163,73.3381,636
69971.4,206.566,56.8701,2.53039,652
142854,177.629,19.4181,14.7836,704
18515.7,-12.791,2.06033,-2.55397,700
48753.1,4.20429,155.189,82.6305,701
63441,276.264,302.389,450.815,702
286699,154.214,-78.1045,365.139,653
46347.2,0.941233,-54.9368,9.01329,705
44239.1,39.0246,-58.7345,95.1968,654
226002,118.911,28.5238,-77.1613,703
515748,134.315,-216.994,222.146,676
281032,172.473,236.735,-80.8138,706
40882.7,-82.5664,6.92834,224.596,707
131424,19.6477,-74.2411,59.7321,677
28643.2,-25.9643,-110.975,183.984,709
128068,-66.8876,30.4354,45.7054,710
497983,284.852,-109.114,-78.3962,726
805497,-73.6288,-68.9694,11.7016,656
337611,-9.90903,-32.7864,-54.5205,711
601624,103.207,49.2039,8.19165,678
347372,-38.6504,-109.777,118,727
58640.2,-21.332,-48.7329,325.866,679
77111.8,35.7202,-15.1574,270.858,728
263409,67.5465,58.5993,-53.9694,713
87999.7,3.95096,-10.8763,244.424,729
59241.3,64.3625,42.7027,462.306,714
46456.3,30.355,38.5392,92.3917,730
585191,-213.722,-199.828,41.4718,657
276844,115.193,5.85237,-47.5505,680
94615.3,28.0756,-171.464,128.726,731
2396.12,-52.642,5.74981,-20.4325,748
240165,19.3305,-41.0611,-50.9136,715
251856,-71.9254,-37.295,23.4025,749
326955,-2.71572,28.6962,298.181,732
58377.9,120.913,-94.8416,-5.21677,733
381097,-204.395,32.841,245.828,658
499549,59.6119,18.3147,139.316,716
225128,48.037,-29.5015,82.2766,737
429729,5.38109,-20.7286,138.387,750
16738.6,68.5772,55.2902,38.5627,751
558545,-279.992,-145.798,22.7305,659
2844.67,-374.525,-259.32,72.3092,752
259272,-45.6691,-76.2052,59.791,738
239095,-8.25211,-50.5459,71.1543,717
140975,155.267,-134.271,-49.1565,770
210750,-123.404,171.163,295.276,753
9432.07,-74.4976,106.772,4.31364,754
367205,174.938,-53.0924,79.1588,739
263490,101.699,-16.5101,504.049,718
162320,1.12646,62.9624,286.551,755
287424,-195.811,229.246,146.192,757
207327,-39.917,-57.7765,-128.014,719
578383,-136.75,-3.56859,283.529,772
111383,47.088,9.17774,23.397,758
67711.6,-71.8796,-32.2506,213.856,759
242310,89.1819,120.446,80.6027,720
98506.6,-155.864,49.6433,199.976,774
714833,132.809,-233.206,-34.1125,741
300929,111.811,-7.63513,-160.03,721
78204.1,135.775,86.7953,322.088,742
257857,292.493,-178.852,736.113,723
149510,-0.103557,-62.8944,188.485,744
549358,91.8762,155.004,288.405,775
288792,-191.072,13.3198,503.113,724
124233,41.0444,159.09,248.724,746
45896,30.7364,94.4013,42.3392,747
292506,103.19,-38.2537,326.739,776
2082.13,-47.212,41.1826,60.9401,792
861864,132.89,-127.853,5.03988,760
39785.2,-104.285,39.7544,215.759,725
35026.7,338.911,-56.6814,213.982,815
3142.41,68.5129,-314.147,383.883,816
4045.91,-84.1725,-34.5706,5.96153,817
24438.6,-1.08736,121.765,47.4214,818
20788.1,62.1097,-57.1815,299.148,819
46305.9,-90.3059,6.0987,361.614,820
335807,31.2851,-78.8973,-118.214,761
99492,109.266,-15.8428,-119.688,762
206090,89.7223,-44.1857,-10.3661,822
576446,-109.533,-116.869,361.595,777
54281.4,186.25,-23.7985,124.889,763
40117.9,-56.8352,14.2143,114.056,779
667392,2.08806,215.96,135.279,793
79341.7,-151.188,-43.5208,52.6365,780
19839.3,-102.656,-143.911,60.879,781
272381,-44.2968,32.6011,23.8659,764
132240,-7.22931,-66.6729,60.3313,783
206989,-108.304,-92.8265,52.2093,784
465670,-153.914,-163.621,88.4754,824
53060.4,-79.7675,128.475,174.645,786
463194,-377.557,214.424,140.548,794
57220.1,78.8676,92.6316,57.7116,787
121940,-34.9753,-11.3235,116.151,825
72331.1,165.875,159.013,343.622,795
43551.1,-46.5984,-87.1631,79.271,788
21531.4,109.748,-106.662,83.0319,796
107195,-45.9105,34.0791,146.332,797
186048,-42.8952,33.1764,139.471,798
277040,46.6309,33.7462,55.2749,789
230030,-143.816,36.0517,-3.24621,826
11411.7,-16.3108,49.1867,100.146,790
57454.9,-101.364,-129.529,24.3403,799
28155.9,-28.5197,32.2693,369.109,791
59887.7,-61.5142,47.8257,101.908,800
11998.6,7.98411,-67.4569,12.8054,836
247895,-68.8584,12.8888,158.91,837
17330,-120.097,51.1385,40.2098,838
241363,203.004,-48.9867,81.0691,801
535048,-19.9433,64.4483,-16.4519,827
1.41482e+06,-182.092,99.5719,153.143,765
143380,-299.79,-19.0005,269.923,802
173538,-168.286,60.1343,178.508,828
90992.7,100.029,-192.139,249.808,829
38042.9,-26.1583,-51.2087,106.402,830
119324,93.2292,192.891,101.866,766
507899,111.06,273.795,369.702,839
216326,-88.8647,19.1585,-40.3039,803
1358.81,10.038,-65.5405,33.9652,840
97301.9,17.6305,84.1737,-74.8273,767
205199,183.329,75.2884,308.745,831
104342,39.9199,-83.351,122.637,841
183386,-39.5952,47.3174,-33.3515,804
175970,27.5341,-165.916,91.082,768
41676.1,-181.565,3.29254,28.0162,842
14504.3,51.9605,9.65608,212.457,806
136589,-41.4826,102.187,159.475,832
44374.2,223.939,-240.445,-185.001,769
8943.41,-76.7706,-1.43991,238.1,834
71882.4,-109.703,60.025,74.7194,807
217334,-175.129,31.0696,57.4992,843
147774,-230.968,-1.9775,84.8569,835
230845,130.322,-54.5889,106.172,844
326184,-87.1988,-288.472,108.343,808
59567.2,22.8936,22.6231,7.82621,845
164187,38.6248,124.529,-27.4363,846
17864.2,138.172,-75.3474,54.3278,847
637919,63.7728,-50.1139,623.289,880
175721,31.0749,87.3044,-15.9736,848
870449,186.692,248.22,297.758,859
118796,-44.9039,116.926,135.483,881
9654.29,-94.8297,26.457,190.368,849
46991.1,142.184,68.4218,-10.3349,860
337783,-42.7955,82.8047,70.3704,882
949942,-39.7693,196.332,-82.0512,809
314202,15.5267,15.266,114.273,861
122122,-71.0223,-219.673,52.16,883
65975,-102.871,167.876,331.868,864
40922.3,-89.4694,-12.7575,108.605,810
72497.8,-49.5245,-230.299,292.841,866
36526,-157.921,43.4948,72.2272,811
609606,22.4506,-214.323,-103.122,850
115580,80.1555,-5.87338,226.087,884
72981.6,-144.542,46.144,135.971,867
92178.3,166.221,-201.956,-67.1908,812
90569.4,-52.4701,-25.5412,54.3204,813
139693,99.3275,180.7,210.861,851
284294,-94.4151,15.6797,-73.8965,885
127958,38.3252,54.8626,114.885,902
59350.8,32.5365,-41.2419,140.276,903
472029,129.452,-51.4925,99.0966,868
3020.65,16.3583,16.9473,125.506,904
311926,95.6618,255.717,319.284,887
410025,321.971,-132.965,231.691,852
101920,-11.2704,77.4978,65.7276,905
370467,0.0706675,120.752,132.04,869
135969,-146.273,-56.2196,-61.1839,853
2929.43,-30.2441,76.1153,66.3266,854
242610,176.574,62.2846,240.431,906
55610.2,81.6313,-8.76943,5.41472,855
486337,90.2222,3.16872,93.642,889
108884,87.6618,89.0522,76.6001,856
42186.8,19.8538,-95.7088,142.886,890
2910.75,-79.7035,169.696,38.4414,892
286481,-21.1177,82.5843,249.709,907
178180,152.533,-130.048,705.893,857
394186,-2.87351,-89.7854,264.104,870
70249.7,-15.7007,27.6999,94.3752,924
111622,-100.787,1.45013,-37.9176,871
348184,-113.651,217.488,-22.4321,893
427540,146.99,-107.863,228.759,908
164123,187.967,144.076,399.618,872
311606,304.063,58.2963,-2.96413,925
93005.5,37.3466,-92.931,67.8555,909
141338,193.283,-84.7199,-79.7892,911
104721,-85.5437,-70.8958,51.718,927
360985,-100.455,-201.662,141.992,894
40734.2,-44.1032,-76.4862,33.7492,912
53097.9,-29.0033,-79.6994,380.124,930
349312,165.103,-213.884,277.255,873
11549.5,3.16902,-16.6639,78.2521,931
73218.4,-72.0115,93.4514,13.1369,875
190871,15.4164,-65.0538,313.412,913
52260.2,-78.0518,9.00319,132.558,876
184590,59.375,-22.2396,116.908,895
156762,-24.1012,13.4212,107.086,932
39688,36.7767,-510.37,1234.6,914
41908.2,117.549,-68.6514,394.202,877
69117.1,-52.7273,-1.79685,103.623,878
143131,287.955,-69.8283,85.7246,897
84217.6,2.28063,84.4798,179.263,916
496485,-16.6575,-120.044,-2.43606,933
302553,-72.7099,-61.2608,174.385,898
55533.3,64.5151,14.0463,-12.539,934
537896,-66.8753,43.9051,284.271,917
545814,-48.0746,262.369,537.39,879
300813,-116.903,66.8268,89.9359,899
156253,-92.8666,51.4091,580.112,936
56405.6,52.4219,-128.83,337.446,938
346811,107.285,160.496,127.651,946
94892.5,-144.78,-29.894,140.597,939
62065.8,24.4926,117.494,278.503,947
395077,146.271,-13.0972,453.678,900
61683.8,14.218,1.16863,115.753,948
443828,-147.014,88.7735,293.531,918
249431,-85.697,81.3904,-25.966,940
58327.8,46.2973,-10.9049,173.962,901
224346,87.9257,-43.9616,170.516,949
127972,67.308,-24.1415,405.151,968
74816.4,-71.1733,27.6711,96.3791,951
31065.8,-122.032,15.1165,348.862,969
100121,-52.5241,134.267,-58.686,952
485245,12.138,18.1928,-31.7249,941
150333,-98.7607,0.878501,240.331,970
112322,-167.006,-28.5735,383.065,953
577438,-39.6042,-145.194,208.336,919
53504.9,-141.483,73.933,202.571,954
68063.8,18.7624,-17.4027,-51.7199,942
90657.7,-74.8801,11.4171,36.5529,920
161872,-87.6434,47.303,106.395,971
48941.1,152.034,25.9288,75.2774,955
199486,93.2344,-11.1848,73.5004,921
137052,59.6205,-81.7336,105.991,972
301759,6.46114,-80.0449,-97.3073,943
57941.3,7.2724,73.4135,206.243,956
217491,9.90383,-45.4,-11.7931,944
222959,-52.0229,24.7558,139.208,973
90795.3,99.1574,142.491,144.16,957
31805.9,-347.219,-108.871,162.476,945
31573.3,44.5777,-8.87071,104.454,990
163966,-36.3144,-48.4077,344.849,974
527421,-57.848,128.343,144.365,922
79793.7,-57.7951,27.8375,170.505,976
123213,32.7517,42.5034,93.3103,923
96949.3,180.86,24.9375,99.4307,977
332141,-45.7709,-56.9489,166.095,992
142922,9.36102,11.5837,-39.2468,1015
47476.7,8.62425,-85.7134,68.2411,1016
130920,-151.376,44.2274,227.779,993
274816,-133.481,8.72698,140.636,978
116906,-43.8646,-164.747,112.704,1017
229222,-216.537,138.002,89.5113,958
112574,-163.078,-24.5902,123.116,979
221514,-17.0769,118.637,-62.2371,1020
61733.7,10.4329,13.6787,514.476,1021
455096,-151.075,-148.375,386.607,994
105709,-26.296,-33.9828,205.908,959
77168.5,-51.8409,-90.4588,82.577,960
33888.8,66.863,100.244,127.845,961
276708,183.484,-37.3026,152.978,995
6409.6,13.8997,-106.361,83.6816,996
675834,53.854,-80.2732,172.498,980
93195.3,-72.6707,14.7465,182.438,997
245116,-389.053,-59.7972,217.49,962
83032,266.675,-237.724,264.819,981
132228,6.64349,152.705,63.8565,999
80143.4,126.601,93.5164,54.3096,982
22243.2,47.9519,3.45629,352.131,983
202307,76.1952,-24.4971,169.239,1001
75212.3,-17.9206,110.663,571.02,984
301044,166.836,161.957,38.9512,963
135250,-44.8956,218.622,-50.9845,1002
1.16705e+06,124.629,-65.114,173.693,1022
111201,-159.342,158.673,62.1664,1003
293975,102.525,216.458,427.852,964
31326.2,2.63768,91.1313,121.668,1004
413.255,-29.2126,40.7043,28.5199,965
90402.9,-107.201,104.831,43.8807,1024
53088.8,-52.8582,95.6873,44.6038,1005
928135,-34.1816,153.479,292.418,985
258484,114.637,-40.2373,6.20535,986
664905,-103.397,-141.771,123.341,1025
45021.6,25.1043,-17.051,140.144,1026
935602,-165.003,38.6439,300.216,1006
703169,-217.115,71.1752,162.794,967
44002.3,-37.5489,-17.7491,82.15,1027
55379.9,105.789,19.533,125.187,1034
125439,55.0516,-17.0056,408.647,1028
456467,26.7163,-310.209,109.194,987
129879,25.869,-142.233,102.377,988
153071,-15.5529,92.6318,179.257,1030
141513,100.224,-317.345,237.372,1008
337697,7.02047,243.347,257.375,1035
42602.2,-17.1285,17.7301,190.318,1009
227195,-54.1583,123.703,186.458,1031
155946,-139.644,47.0957,93.0646,989
150558,-4.30972,-99.9337,253.288,1032
342913,61.694,-76.5757,103.169,1036
307632,34.1134,39.008,223.848,1010
48334.4,177.735,151.134,228.865,1033
260277,-45.6125,85.1945,335.835,1056
158428,-28.952,213.047,42.9593,1037
179282,-71.3686,-293.077,389.04,1011
51671.1,5.25573,2.09318,79.628,1038
92373.3,-13.1604,97.193,170.662,1078
104896,-124.011,103.181,118.421,1057
27566.9,-25.5602,-53.3631,281.183,1100
14391.3,-19.481,-60.5632,281.075,1039
283100,21.2281,-78.0157,101.591,1040
251266,14.6583,-15.2533,-53.6843,1101
317096,241.523,-236.259,-109.352,1079
90577.4,68.9403,-86.3455,-106.532,1080
143306,142.211,-64.3524,126.143,1103
27243.7,-92.2666,86.0251,66.5422,1082
225072,-62.2616,86.9593,56.605,1041
14570.4,-77.2178,20.9301,271.016,1104
51841.3,38.8622,88.1294,86.4972,1083
654106,17.3511,93.268,154.709,1058
63558,167.501,-120.945,191.816,1085
101556,169.924,20.7528,303.097,1105
286872,-92.0861,-210.617,33.6548,1042
50648.4,67.8332,-27.2897,-76.1027,1086
3453.88,-12.0981,14.0884,330.121,1087
48734.7,-74.8935,-142.549,39.6845,1106
79383.7,20.2419,45.2288,126.466,1043
370831,-159.878,93.0599,221.534,1059
126078,-109.15,59.917,114.722,1060
315131,16.677,71.3102,308.255,1107
503663,-257.306,95.6698,116.801,1044
625646,156.543,85.9806,63.8727,1088
33316.7,-25.2468,-74.8539,104.662,1108
401239,118.642,-86.0622,-231.606,1061
99037.3,46.6039,334.068,443.018,1109
53179.1,-22.7271,25.3955,101.181,1062
64426.6,-127.418,-55.6482,129.167,1063
235032,-64.6043,215.35,438.581,1045
308899,-128.42,-106.314,13.1773,1089
292415,-42.2795,-138.586,-16.4363,1111
15016.8,-102.398,-37.886,26.9139,1046
76802.7,50.8472,32.6656,10.9209,1064
16733.1,19.8332,-3.7138,172.58,1112
84470.8,74.0737,-101.248,193.642,1047
125264,93.8407,57.9362,59.895,1048
138794,-59.192,118.227,67.4789,1065
20651.4,-35.7148,-5.04829,5.44704,1049
247947,-45.5072,-13.9054,145.36,1091
236028,11.4034,-95.1557,274.748,1113
123370,-89.9669,163.527,197.309,1066
114132,-61.65,22.9776,305.838,1114
347183,-51.1611,-36.0807,-12.3709,1051
215626,48.2774,-21.488,208.133,1067
21504.8,3.08465,3.28202,366.198,1052
63345,-11.0296,240.803,106.071,1053
390815,308.469,-82.0406,84.9337,1092
198017,-2.89715,-124.644,-4.33224,1068
310000,38.1232,109.357,182.659,1115
48620.5,29.5375,-105.003,299.054,1069
177565,69.7743,-80.1323,97.0341,1054
319331,97.5517,45.5853,93.9415,1093
63204.2,-40.9101,-10.1234,90.151,1055
151718,-14.662,-14.8693,32.3253,1070
160095,-43.2401,34.3197,-1.44295,1122
312537,179.509,-14.4555,252.527,1116
252964,76.6963,188.933,227.805,1094
144769,96.0144,0.437833,463.796,1117
32910.7,22.9462,76.7368,20.9634,1118
99901.9,42.2252,-30.8158,38.6555,1123
207518,-136.163,-89.6648,178.522,1095
3928.08,7.47522,23.7672,93.8283,1124
83158.6,44.4375,11.6794,242.647,1126
122143,-78.7813,158.157,504.26,1096
44897.7,26.8722,39.2492,79.5516,1127
244305,61.7149,-155.594,95.8866,1119
83775.6,-54.2028,-115.183,352.44,1098
19157.6,-1.2224,-43.6108,71.0169,1099
15977,6.10232,11.8948,175.959,1120
204.55,-1.54572,-13.6502,85.8845,1121
67193.8,64.3804,102.02,-137.573,1144
944809,30.7643,-34.9885,219.112,1071
200524,154.638,-83.9593,223.011,1129
161138,-43.0432,-16.3322,253.111,1166
109992,-205.549,-141.587,-222.069,1145
93804.4,38.0362,-130.937,105.983,1132
30082.6,-45.5318,126.909,233.695,1146
29294.6,46.3587,-105.776,125.535,1167
229625,207.704,167.641,28.7181,1072
170928,92.2898,19.6946,11.4526,1168
16932.9,-263.005,15.0674,343.387,1170
272557,-200.865,145.221,-65.0373,1073
488951,134.18,-67.009,-59.6245,1147
521446,87.5507,-178.927,304.428,1133
196309,-164.521,223.674,119.188,1074
267751,62.5719,27.8559,39.8931,1148
66819.9,-90.6812,-31.7198,49.0012,1134
350542,92.6615,15.7083,247.672,1171
58795.1,114.159,123.939,164.897,1135
214569,-45.709,-164.93,138.21,1149
127775,43.4133,-38.6173,84.6456,1136
454288,34.0031,6.62313,200.561,1075
55884.2,-51.6852,66.6059,123.364,1150
581666,91.9845,316.423,185.121,1172
255897,35.1581,116.225,59.4191,1137
42886.8,-115.668,-47.1454,212.492,1173
186174,-180.927,-179.915,386.52,1138
156052,-205.423,46.4568,194.28,1076
28349.1,-352.597,-133.562,79.8237,1139
78420.5,138.668,219.94,-134.516,1077
551887,-147.696,109.295,347.507,1151
55004.1,-7.70397,65.567,98.2787,1152
127666,23.609,98.78,160.855,1188
348388,-155.003,-27.6418,56.8584,1175
46801.9,-15.5059,-63.5781,0.180763,1153
248814,69.8786,58.5773,278.598,1140
40022.1,-36.2592,-54.9066,28.5282,1176
20854.3,-31.7235,-28.6097,347.744,1177
253325,123.641,-208.252,19.6948,1189
326290,-23.9973,-100.415,251.689,1154
242659,105.022,-64.1958,740.622,1190
408954,98.8384,125.754,1.95353,1178
69049.5,56.6556,-27.7061,206.985,1191
367881,-72.5646,181.583,75.7178,1141
17336.2,45.1153,100.586,163.448,1192
52809.1,-25.8342,-68.9041,-33.7228,1142
39524.4,-72.7998,-60.2362,212.201,1143
224193,-13.2301,101.582,135.707,1193
196343,122.196,-200.346,162.018,1179
463372,-69.5254,78.3815,-74.9551,1155
126623,179.845,79.3641,326.56,1156
493774,-428.028,26.0032,814.904,1194
538594,-128.583,-19.1978,53.345,1180
102944,-16.4495,-85.5799,124.472,1195
387577,-101.532,49.7551,172.535,1157
928839,-223.761,93.9035,272.613,1211
154283,-74.2293,-84.673,56.2469,1196
362212,-61.6638,-1.33855,414.136,1182
104444,-2.62556,51.0345,14.6961,1183
271759,58.26,42.6296,191.968,1197
685874,41.3385,44.6428,301.647,1158
200660,40.9171,31.8057,270.258,1184
143109,-85.6479,-88.9043,96.7864,1198
80848.3,-9.53553,9.32725,153.554,1199
450762,-94.0443,144.578,109.648,1213
5168.91,117.801,-51.7047,463.99,1200
210159,5.53351,-28.0145,169.525,1185
47971.7,-73.271,386.807,226.137,1214
2859.57,-14.8226,19.6041,229.465,1201
39893.8,30.5559,50.0636,256.201,1215
131722,59.7488,23.6459,88.0985,1186
343596,10.0262,27.3389,100.914,1159
45046.3,-41.3778,81.1498,316.659,1202
92032.4,-142.813,-55.9852,234.007,1216
45155.2,-23.845,32.784,-10.3083,1218
486888,-154.029,29.1185,55.5044,1160
452376,-23.3406,22.7873,320.126,1203
19756,4.22038,35.0158,248.694,1161
577058,46.1342,162.468,16.8084,1187
309179,-99.4546,123.883,18.2047,1219
262474,10.2171,-245.899,392.335,1162
136547,-50.3899,-143.015,219.609,1220
119244,-128.03,-96.8966,211.199,1221
168976,20.2542,-67.7618,80.2473,1163
103747,14.1824,-20.809,237.249,1222
527157,-27.9019,-27.5435,358.664,1232
44896.1,60.8813,53.4058,160.557,1233
298005,85.1372,-91.6726,-112.456,1164
1.10058e+06,-76.7353,73.6839,103.105,1204
237283,96.6746,71.6509,138.663,1224
57125.5,-107.426,-44.0125,52.4813,1165
262199,-180.972,29.1446,184.33,1205
206572,-7.383,-32.1914,27.9694,1254
487900,83.2457,199.143,306.809,1236
122702,-35.9166,-377.373,206.157,1256
91716.3,-320.497,-491.214,288.759,1206
519998,225.901,32.0221,184.723,1225
2635.77,-277.022,100.089,308.921,1259
202341,-173.151,-46.0584,382.181,1207
221182,-212.809,20.9794,286.972,1237
34769.7,-43.971,126.684,518.156,1208
323069,51.8151,-84.094,218.017,1260
367335,111.866,-100.14,131.944,1226
77301.4,-12.5554,-58.7924,143.826,1261
308974,-79.5723,56.4147,-113.496,1238
284740,17.374,32.0648,47.9478,1209
127710,318.8,-194.045,154.614,1227
136423,54.0355,0.756659,153.654,1239
44880,16.6645,-52.8908,60.5768,1228
241603,67.504,-2.47173,-58.6028,1276
384753,-53.5527,202.988,22.3921,1262
306201,41.0176,183.351,99.2951,1240
69307.1,27.8735,8.41303,176.025,1263
331359,292.542,59.611,479.436,1229
45662.7,15.5093,-39.0429,169.69,1241
89550.3,-209.047,-108.055,-3.22312,1264
65382.5,-33.503,31.8591,33.7138,1230
17800.6,-50.2154,41.6664,224.148,1242
70943.7,-27.2633,-38.8112,118.064,1265
101221,-45.4804,-51.6362,299.795,1245
51580.3,-278.756,-88.9865,149.407,1246
312166,20.8043,-16.135,248.802,1266
613709,-101.92,239.095,265.296,1278
94639.7,95.744,-47.1945,208.533,1248
54527,117.427,81.7957,479.738,1267
198553,-105.651,1.01135,61.1648,1250
667701,76.7945,-38.2403,143.569,1231
28985.2,148.135,45.1673,275.726,1251
218900,-29.8438,-166.453,133.337,1268
356942,298.233,102.315,-58.0631,1279
22496,-5.56045,27.0237,190.012,1269
19629.4,-75.7905,-13.2957,288.955,1299
182138,-140.019,-38.0613,242.555,1270
326389,82.6829,139.315,212.284,1252
257253,-72.9639,146.081,469.857,1280
295596,61.9559,19.6682,176.992,1300
145132,62.4874,-164.337,151.07,1320
142345,270.835,-257.834,99.91,1271
127768,-187.736,84.6113,64.7636,1301
19885.9,19.3468,-44.7943,176.024,1321
41106.3,153.92,70.1193,-27.0208,1322
105607,-117.176,5.93598,150.324,1272
396343,-102.541,19.1876,-34.1252,1281
34624.8,142.094,-34.7168,-3.95913,1273
66759.9,83.2841,-58.5267,83.7923,1282
188945,-142.964,74.4766,266.671,1302
143201,69.6637,-122.922,207.58,1323
24022.4,-22.9651,-236.137,336.664,1303
57223.7,-31.6427,-22.7263,7.1218,1283
34859.8,-22.3007,-29.0132,96.4175,1324
28937.9,-90.8612,-95.4231,48.0219,1325
457095,-47.0274,194.959,266.856,1274
361600,22.6724,-68.0218,44.069,1304
15721.2,-82.067,35.8623,180.365,1275
79130.7,-151.544,147.022,43.2456,1326
50258.5,88.7594,-0.630356,240.168,1342
158551,103.022,-47.514,245.665,1327
343368,-22.4835,13.4444,41.2537,1305
270356,215.458,14.0709,390.96,1328
505266,391.469,-57.5541,-70.0665,1343
788470,165.377,22.0624,54.2193,1284
140567,-112.077,-160.593,88.6599,1344
219812,-10.1999,-173.606,262.617,1330
71459.8,-25.8678,-112.927,-15.2683,1332
21735,86.8253,171.404,189.934,1333
401367,-93.7893,11.7846,270.335,1306
243076,-47.577,54.7811,265.924,1345
110732,70.407,27.0245,77.4784,1346
259045,173.828,72.4253,90.4484,1334
566105,101.964,106.378,152.464,1285
212924,-143.4,95.9185,-6.8786,1307
83.503,125.131,-40.9778,98.1452,1335
4614,-159.246,122.76,225.561,1287
46177.7,28.3232,86.5581,155.067,1336
40315.7,67.2978,83.6834,256.658,1289
101568,112.373,28.8571,269.415,1290
229720,58.8396,255.179,159.594,1308
599383,63.2401,4.94265,219.072,1337
290695,66.5923,137.34,149.241,1309
127034,155.592,22.3241,265.087,1338
812514,-118.23,97.3428,-146.918,1347
6370.79,22.0642,-43.0878,85.2245,1348
173013,163.936,110.183,248.249,1310
529844,9.0464,-36.4788,341.976,1291
379565,55.486,-191.108,295.01,1339
79476.3,26.1521,-26.4758,156.533,1349
214438,189.854,-24.289,-1.80641,1311
143250,124.065,17.2354,243.735,1352
79114,-193.242,181.999,70.5498,1312
418435,194.919,67.4448,164.846,1341
559097,4.73848,-17.8575,-125.935,1292
91874.7,-2.5666,107.239,110.775,1364
180153,87.5441,-42.6631,114.674,1353
10305.9,53.2618,18.1491,53.5954,1354
348571,-273.659,-13.2291,307.65,1313
102369,193.427,138.041,321.247,1355
194234,21.0967,-8.39623,172.135,1365
86967.3,5.70405,-23.8592,31.7441,1366
278114,-12.1232,-75.1839,79.8042,1315
486875,-122.897,35.312,156.402,1293
107641,50.8021,-81.6314,166.737,1367
19292.7,-19.3697,-99.3588,309.686,1368
269870,-1.23115,55.701,99.3647,1316
473988,-263.432,235.889,371.01,1357
30742.1,22.6133,1.8777,88.1941,1317
1449.33,-21.1905,13.1938,-7.27131,1318
89278.6,-22.2518,-76.8549,105.07,1294
32903.9,17.601,-32.1175,58.6418,1359
233419,-28.5234,112.15,441.581,1369
35337.3,-128.477,-69.1473,274.188,1319
36194.2,33.758,85.459,14.9194,1361
102645,-167.808,-140.874,551.894,1362
95489.5,-112.842,13.451,47.4261,1363
341997,-26.647,-20.4811,-165.496,1370
340210,-37.038,-13.5648,78.4034,1386
450548,68.3723,-6.52588,1.2443,1295
148104,16.5094,75.7923,68.3036,1408
148573,318.871,-278.294,-138.508,1296
8019.43,60.5747,39.3412,77.0569,1297
369025,-84.3701,57.0678,202.24,1387
315279,-21.5644,69.2737,119.722,1371
38696.8,126.041,-137.27,180.377,1409
59884.5,-141.316,-185.082,-174.124,1430
13036.4,-217.862,-22.7732,555.807,1372
130029,72.3978,-49.4275,103.516,1431
86744.8,158.426,118.624,250.065,1373
186274,-18.0799,-39.401,-63.7537,1388
169737,-205.146,-160.753,258.107,1374
283457,-91.3693,-38.5385,138.711,1389
112163,10.5128,73.0601,206.328,1375
415834,357.15,-42.9908,194.642,1432
115658,34.0009,94.8228,140.169,1376
139101,186.868,-5.45578,-32.0633,1391
35734,-373.733,-271.187,-148.104,1433
89973.7,-16.6831,43.7198,80.9465,1392
5227.06,-154.67,-27.1435,-51.057,1434
908892,14.8064,96.5198,-0.116717,1411
119851,50.6959,-56.2335,130.864,1393
53696.7,64.0038,-57.4306,44.2951,1394
93470,-58.4499,-118.243,308.284,1412
157427,-11.6668,131.044,-61.2987,1395
541377,23.6399,33.1695,-60.6166,1377
294326,17.7426,90.1838,135.969,1413
231758,356.498,-6.98687,106.017,1414
310719,6.12422,-1.5802,268.497,1378
480884,-30.717,-118.339,171.861,1396
1.12771e+06,-106.877,183.305,-418.488,1435
71233.9,-132.115,120.352,66.6064,1415
97854,20.0406,-122.531,-236.225,1436
160639,67.3386,-7.0354,15.1372,1397
84949.2,76.1797,-51.3234,804.319,1416
223874,111.048,95.2329,360.766,1379
55833.8,-29.5189,-12.8972,360.437,1437
52079.3,-22.165,-7.18481,114.547,1398
109092,-13.6112,105.668,74.8136,1381
223366,86.3253,80.4139,340.712,1400
116486,-1.6668,-8.27523,100.581,1382
501130,-153.182,109.15,623.937,1417
439353,51.6689,36.9959,254.94,1438
72884,414.387,-188.117,112.508,1401
25801.4,128.216,-105.387,238.89,1403
94023,59.956,74.4256,338.539,1418
82905.3,95.7092,9.31982,15.474,1439
78881.3,50.1508,120.622,191.864,1419
294028,246.243,-40.3176,183.34,1383
161089,144.74,112.34,294.247,1440
12316.4,-47.1656,-97.6991,251.584,1441
363097,53.0515,-142.8,151.58,1384
693500,383.74,-346.775,532.898,1404
201802,145.86,-111.656,170.41,1385
116076,62.1162,-22.9985,59.81,1405
174238,-64.7406,-4.69386,645.48,1452
850363,-133.005,111.32,162.273,1420
181069,48.7616,117.897,255.581,1406
132328,-58.5162,55.8669,3.23321,1453
115433,98.1686,162.252,383.139,1474
669778,-8.23342,-119.006,56.8771,1443
213824,11.9433,-20.8029,272.156,1421
174544,15.5536,-144.494,13.9943,1454
20454.5,-106.52,-105.394,290.505,1455
225907,226.142,-142.454,-116.955,1475
246161,54.8859,77.5113,59.26,1422
405979,-131.26,20.6446,116.308,1444
136233,-33.7276,106.168,222.259,1423
16002.7,32.4586,-157.013,606.309,1424
119899,5.70446,-7.5093,-38.5276,1445
110475,-54.4797,-27.1825,137.977,1446
595642,27.0514,-121.93,202.046,1456
27332.2,-35.282,-80.6915,35.5235,1457
762641,-44.5073,8.18458,339.922,1476
538410,55.247,-352.287,-3.09282,1426
129341,57.8351,-12.2452,55.6494,1477
754612,53.0679,-60.1133,-86.8946,1447
530697,-108.743,194.47,10.2128,1458
46111.7,32.5756,-86.705,183.416,1448
9053.99,315.006,215.028,159.428,1449
329212,171.671,38.5097,61.9839,1428
193637,-32.0668,2.52978,34.2699,1459
69075.5,28.4089,59.4965,-41.6829,1450
134316,-20.8001,-69.3602,181.343,1429
156512,-24.7331,-47.8738,19.5111,1460
52791.2,-31.824,64.9788,39.0492,1461
131433,50.7938,71.504,38.2584,1496
43725.1,94.5967,-69.4322,-9.49385,1497
222679,82.2147,60.3061,49.0373,1462
6531.08,-4.52755,-51.1096,-18.8377,1498
949265,1.48152,-34.1632,42.4689,1479
454835,-134.883,108.298,207.658,1451
2042,-168.957,1.2018,380.702,1464
37672.1,11.9085,-47.5342,-12.0603,1465
56187.8,-112.765,82.8501,121.293,1466
114627,154.434,1.25788,355.707,1480
225222,52.5432,24.8756,60.8999,1499
61520,370.376,61.2087,-45.2145,1481
158902,137.625,75.1934,123.69,1483
204555,123.592,36.7146,656.224,1500
334041,15.1871,79.4027,548.823,1518
400359,93.8135,-34.0338,216.607,1467
287808,75.6553,-252.439,707.504,1519
231167,-151.094,-139.37,91.7137,1501
238025,30.4364,-300.14,457.325,1484
33477.3,56.5182,-70.4696,167.483,1520
307690,-37.01,152.121,577.894,1468
4702.04,-29.7353,165.344,281.692,1521
49223.1,67.2904,-31.4256,217.787,1502
161690,99.7281,17.1681,229.846,1522
275649,39.7163,124.759,-69.3066,1485
45942.3,39.7712,-23.9325,266.682,1523
28337.5,344.732,-184.028,32.5485,1524
263062,8.53029,23.3072,124.572,1469
132383,-0.758796,-105.601,15.0851,1525
141653,17.1228,104.7,251.279,1470
584264,25.8732,-144.3,101.543,1503
205791,-125.914,303.653,299.137,1526
172724,84.1666,-102.134,35.6907,1473
288766,-29.6875,-122.568,331.037,1527
158119,-134.501,57.8744,328.739,1540
677046,27.8777,321.947,189.799,1486
68579.9,-70.0527,-169.407,-14.2422,1541
210671,27.606,-3.2672,97.8297,1504
38677.2,54.5714,78.3744,70.4642,1487
16508.4,-27.1162,123.961,179.889,1542
167309,7.51927,-17.6861,182.136,1489
127614,4.44146,-150.831,177.678,1544
178348,28.8152,109.329,127.719,1490
623308,-4.23992,287.162,233.598,1528
427015,-167.965,68.0571,49.1713,1545
206079,-91.6995,-97.42,412.727,1505
17492.5,23.2439,53.2467,57.4672,1547
13133.5,13.7072,-17.5603,92.0749,1506
267733,73.1553,-97.9626,603.066,1529
483777,-43.3305,265.715,329.803,1491
76817.7,245.23,-458.703,264.926,1548
950.06,-219.414,-222.429,558.807,1549
119531,11.1067,70.6847,191.218,1550
289511,78.0885,46.0991,321.373,1530
175431,13.0738,-100.422,51.8769,1507
46219.1,73.4402,-158.535,180.964,1531
157316,52.4585,15.7348,65.2216,1551
131867,48.8971,79.154,409.809,1532
594215,317.534,142.589,-2.7339,1492
155536,-119.489,-114.184,140.298,1552
113911,67.649,101.291,452.368,1553
180242,37.2803,-31.3234,94.3308,1493
273980,-158.18,-62.6692,108.262,1554
434566,5.93223,-177.483,246.319,1533
89058.2,-48.9181,-27.401,73.6544,1555
443712,-7.7344,-44.8197,17.7168,1494
271808,29.2179,30.066,169.192,1556
21688.4,74.3398,94.1559,16.4131,1495
651677,-39.3348,181.077,114.295,1508
296121,144.794,-41.8422,-94.511,1534
1592.38,41.8487,9.58624,122.296,1562
3424.91,-91.0417,53.9017,181.011,1563
246659,-63.97,54.022,282.718,1564
286359,-153.054,74.9292,10.7147,1558
133369,33.9,-78.1084,116.236,1565
371486,95.1973,-16.0222,140.929,1535
20271.8,-18.2279,28.8508,112.971,1536
724667,-154.315,227.043,229.442,1509
201597,187.072,-393.641,-99.3731,1537
281842,-270.248,-113.959,91.8115,1566
449536,7.17164,-43.1596,461.945,1559
31734.4,119.964,125.757,68.3839,1567
101890,35.5352,56.3207,176.569,1510
34205.9,-257.081,-29.1587,689.841,1511
23354.2,107.151,-29.5266,-63.3539,1512
29043.1,15.7273,-64.5302,132.164,1560
352856,247.177,49.1265,414.216,1538
259351,55.0553,-47.338,476.847,1561
203326,-120.745,77.7986,26.8419,1584
399200,-34.1412,2.20845,1.61726,1568
57794.8,112.861,80.1291,-44.9144,1606
40730.5,-182.767,-56.5257,119.834,1585
266436,-66.433,-29.1618,324.279,1513
80586.9,-298.438,122.654,96.1901,1586
331099,245.354,52.9959,27.233,1570
23549.3,55.7801,84.422,26.2986,1514
53188.3,49.1604,395.76,193.89,1571
110038,-50.2328,109.351,345.631,1515
502875,-268.935,182.924,231.642,1607
193828,-12.6888,311.368,165.285,1572
206133,49.4961,-89.808,-73.6393,1516
543819,63.7288,-49.483,-14.2898,1587
3757.9,6.8567,0.338014,69.7548,1588
148311,138.298,95.7742,248.679,1517
31064.5,250.876,84.9098,166.253,1590
215633,-22.9208,-160.371,165.552,1608
75578.5,-83.6926,80.1875,12.6555,1591
56504.8,-163.111,42.8134,136.764,1609
292256,28.76,102.966,457.379,1628
405161,88.1123,41.915,287.152,1611
571825,-184.017,196.044,164.055,1592
30257.8,37.6802,37.9488,94.3357,1593
48364.6,82.4926,30.8296,77.5571,1594
551553,-36.2002,-94.6081,109.438,1629
6502.28,-150.127,27.4184,26.9956,1595
3428.88,-23.4846,67.6176,165.953,1631
121519,-77.3556,8.80176,302.944,1632
49795.4,17.2435,-140.095,161.393,1633
1.54033e+06,237.154,-134.108,486.388,1573
200674,-33.8217,-43.1588,170.514,1634
528858,-244.836,-49.6838,207.788,1596
118144,-0.601258,-44.9597,70.9932,1574
190183,-117.096,-133.139,100.655,1597
254496,-22.5996,-79.3517,223.529,1635
65839.6,24.0335,-9.74026,63.7268,1576
1.3886e+06,-20.77,-81.7208,77.2618,1612
147417,33.9152,179.973,162.163,1577
79408.6,-28.407,61.3548,146.993,1598
39411.1,-359.335,203.35,169.248,1613
1412.38,-5.77854,-51.3954,131.528,1578
30677.1,-37.798,47.2627,187.242,1614
78385.7,108.959,27.0692,-8.9328,1579
82572.6,94.9094,-45.1268,129.497,1615
56387.6,-53.7998,-35.3955,223.66,1617
180807,-225.683,-39.5966,216.477,1599
90562.2,124.23,12.39,194.624,1580
306516,215.708,18.1188,476.203,1636
125961,-28.8185,-48.9799,333.415,1618
6432.64,15.2543,57.5051,333.127,1637
72530.6,90.798,29.3701,513.546,1581
23695.5,-87.982,-100.69,108.789,1582
51444.1,80.2518,-15.0238,166.989,1583
288063,-20.4367,-67.1605,300.905,1600
130927,45.2919,31.104,216.132,1650
107611,102.173,-95.0221,-116.571,1620
402177,180.338,111.081,-80.8161,1638
102388,-193.867,-75.5802,316.388,1651
34169.5,20.4098,36.3734,4.16729,1621
354395,70.8122,-127.817,38.39,1601
97219.5,-31.676,115.179,165.044,1639
137543,65.8379,-35.1076,157.11,1622
7026.95,96.6101,-6.99771,328.391,1640
74219.8,31.3201,13.4265,227.508,1652
95596.5,-5.75194,100.65,57.2962,1653
224711,-115.178,131.877,66.7878,1641
137030,59.5318,-30.7062,48.9653,1654
69231,39.1152,70.5523,235.685,1642
109860,48.5717,-34.9904,-31.3539,1655
365168,160.081,-15.3488,16.0731,1602
487070,104.54,148.618,1.79258,1623
50558.1,-28.0106,80.1735,317.172,1625
372338,58.34,-95.7641,138.638,1603
617509,138.593,231.158,180.259,1643
74641.9,90.3226,-39.6893,138.395,1604
486737,143.767,176.448,304.677,1656
26478.8,-220.673,27.0976,538.257,1672
9150.85,-40.2721,-64.8143,18.4764,1657
503637,-83.3922,-31.031,29.0108,1626
68805.3,-18.0789,-72.0424,-218.066,1627
274051,70.8125,-221.218,49.2839,1658
437366,66.783,267.92,60.6126,1644
94774.1,-6.55882,154.705,347.531,1659
21976.7,115.566,203.886,-66.9816,1645
206406,56.2808,-249.358,35.0728,1694
695277,14.2061,-24.6108,5.86801,1673
91879.2,162.166,-6.9874,262.493,1646
61270.1,-14.8111,-51.6511,-2.21677,1661
55713.3,-91.1833,43.745,165.86,1662
142626,141.484,-158.35,26.0288,1647
360072,-71.9965,-1.87249,18.37,1697
302293,-1.25947,-12.1965,-8.89022,1674
272706,-45.339,114.128,159.572,1698
336618,-40.4099,-58.4856,10.5783,1648
146857,-390.382,169.362,184.777,1699
32906,-104.279,131.596,114.586,1700
257315,-311.088,220.192,232.984,1675
536210,-61.2281,-155.296,-92.7949,1663
89813.6,-124.165,160.21,343.424,1701
210115,29.5727,174.837,377.616,1649
60873.3,-67.0259,-93.6389,27.5726,1702
84612.5,-72.907,-146.527,251.059,1704
223048,-88.2995,-70.7334,147.811,1664
133965,12.7387,79.0797,21.0368,1716
284597,-105.23,-101.92,-9.34822,1676
55869,-72.8972,-88.9013,-6.23198,1707
66707.5,18.6815,41.5842,23.9241,1677
91399.2,-41.9101,28.0433,76.758,1666
2329.66,-440.253,48.545,336.368,1667
165759,75.8438,33.5338,73.9196,1709
236289,35.6275,-29.2186,16.2669,1678
130975,83.5,88.2029,226.356,1668
496618,-22.4628,-23.0288,400.156,1717
93706.6,17.0614,-40.5732,282.33,1710
15015.1,102.092,-46.7607,126.833,1712
178627,11.9053,-33.7262,144.856,1679
76833.7,21.2095,27.7108,174.13,1719
329079,127.24,-19.1975,-227.034,1669
121870,-222.079,161.049,181.796,1680
155620,152.981,41.9024,304.23,1713
173481,-39.7015,-124.702,508.94,1720
68811.7,-34.4881,-11.4951,-34.394,1670
22632.9,-169.706,-73.4038,284.744,1721
196562,18.772,79.4885,110.906,1671
479902,-115.077,-102.11,-42.2757,1714
272246,33.8625,133.579,-103.538,1723
192015,120.557,209.454,294.222,1738
173113,-135.582,81.1188,142.07,1715
583051,-76.1861,241.063,129.976,1681
6344.94,-204.407,-226.256,368.398,1760
291259,67.1362,-43.8077,364.531,1724
57537.4,78.855,17.573,-104.123,1682
150924,-74.2283,-62.0996,623.346,1725
46593.9,85.2179,3.45015,94.8697,1726
349366,-8.60371,258.936,-0.285311,1761
319293,165.003,169.832,223.964,1740
337533,-129.66,-112.307,261.051,1683
69184.3,34.4449,63.3115,285.364,1741
18231.1,-288.178,-37.6129,228.352,1743
77521.1,-183.072,-58.5327,-103.441,1744
477529,145.071,-123.083,301.035,1727
457218,113.469,-187.236,120.012,1762
56947.4,-115.555,-54.4417,273.466,1745
318635,-115.747,96.7961,713.337,1685
118085,-94.9174,-38.1082,18.0073,1746
152271,242.849,-439.659,79.2226,1747
123003,-89.7104,125.022,289.886,1728
302969,-121.412,-32.9758,317.549,1763
269032,65.2103,-159.67,74.8158,1686
54109.1,-61.4958,-61.4353,-17.0861,1687
119776,-96.7744,97.0314,188.207,1729
472.386,-64.8318,-76.9934,36.5188,1730
60183.7,-54.1101,58.7848,31.8838,1688
31585,53.3774,-17.314,147.483,1731
214419,-162.043,21.0094,103.506,1689
332601,-183.889,-82.3468,-113.792,1764
124051,-56.766,127.111,267.201,1732
459294,-21.2161,65.197,400.868,1748
7326.41,90.728,124.424,288.234,1765
29915.1,-95.0323,-169.214,465.461,1733
132434,-90.0274,-96.7923,-90.15,1691
48670.5,-42.9584,-157.332,88.9659,1749
23189.8,24.8339,-23.9972,159.51,1692
533.913,-1.77331,-7.59278,152.807,1750
59039,-25.1809,-43.2728,69.3181,1734
38321.7,-9.07305,-34.0482,173.781,1693
250441,10.1263,107.4,336.648,1766
74082.4,-82.2027,-152.818,311.485,1735
148527,85.8955,-53.2085,360.811,1751
108342,5.85617,19.8746,360.673,1767
132276,36.5095,-226.929,45.7538,1736
316919,-78.5183,39.4826,60.8789,1783
41292.4,-45.2966,44.4406,81.2146,1784
331427,11.3284,-18.5725,149.936,1768
394992,41.2369,113.379,100.632,1737
6383.59,-69.8948,39.1864,207.736,1769
405007,5.8886,-4.74095,97.1582,1752
33960.7,-174.747,-212.693,502.244,1804
168427,69.9421,-61.9662,45.9724,1753
278170,-45.7816,-47.5132,171.468,1755
412543,-0.8527,9.17682,-42.6925,1786
370771,105.357,154.398,-22.3581,1805
564292,20.742,73.901,125.966,1770
70301.4,11.4548,28.6436,187.555,1787
74358.9,-44.1415,-100.819,99.3107,1756
36903.4,-11.4149,12.2394,115.502,1806
40316.8,46.4665,15.046,196.502,1772
211619,-56.9782,-14.4777,126.835,1807
264334,-131.127,63.6148,88.2882,1758
363359,110.941,13.0838,86.9163,1790
88383.7,37.1828,114.805,301.719,1791
363623,-83.3512,-229.927,241.056,1773
217898,0.183199,-14.9541,129.569,1759
68652.1,25.1456,-144.314,292.214,1774
130882,-74.2601,222.412,147.406,1775
308199,-77.0164,76.08,321.596,1809
110413,-6.75376,-33.1394,47.9581,1776
130106,-45.9967,-96.3723,33.8893,1810
88921.9,35.4713,-117.812,-80.5483,1777
82681,113.361,-147.422,-34.8422,1811
396193,12.2443,-116.901,149.532,1792
27095.7,-24.3551,-32.1716,89.3473,1778
32237.6,-79.9259,48.3245,284.926,1812
247188,-32.1068,-278.398,234.337,1780
50822.7,3.0001,-12.0235,159.185,1813
25495.5,-91.4058,21.82,65.034,1848
327048,-64.0075,-240.196,409.356,1793
120914,-78.6571,-201.975,153.124,1814
788189,-6.1173,9.71924,108.871,1826
190078,-68.283,137.267,38.064,1849
18809.6,-1.89525,84.4129,17.1698,1827
143770,-108.585,-34.554,144.991,1850
118704,77.0526,24.6655,396.583,1830
353659,62.2457,-202.304,450.905,1794
432744,-52.7555,103.887,64.3005,1815
151677,-10.7378,-38.6365,-41.4325,1831
28423.2,-56.6406,-161.349,122.742,1816
12909.6,-31.3296,-100.929,325.95,1817
100360,-3.10229,-161.409,551.544,1832
282352,152.088,-63.7353,23.1673,1795
82053.3,-49.5366,18.7983,131.843,1833
44174.4,-12.027,70.5006,-15.9125,1796
12593.3,-64.0859,-55.5954,75.3423,1834
127933,-44.2272,-22.8322,244.228,1818
309952,56.4132,-19.0452,9.4391,1851
32079.5,206.476,236.492,132.126,1819
68064.3,289.014,-50.5755,242.633,1820
45503.6,-97.7592,55.8236,4.73106,1853
3174.91,23.3578,-51.399,88.957,1822
216972,56.1047,-156.743,137.365,1797
288564,-26.7751,81.0724,45.7507,1823
401682,64.9366,-50.0882,123.353,1836
426977,185.469,-87.6101,-188.258,1854
291686,-26.589,-102.107,-22.8897,1837
325566,61.0307,67.8839,121.582,1824
286424,242.714,-119.082,137.616,1855
39407.6,-69.1015,-71.3285,25.4436,1825
214660,155.198,159.354,30.782,1838
169933,2.80747,78.8396,225.266,1870
613632,-30.8238,129.879,27.348,1798
435870,-211.778,306.579,24.2886,1872
72736.6,-36.6445,103.537,39.2132,1873
153659,9.02031,5.29117,642.463,1799
1.08822e+06,83.7836,-40.2611,28.5648,1856
188053,-12.3709,-84.7371,43.9857,1874
14257,76.9393,-209.704,-28.7965,1800
74298.4,-39.4004,34.3612,16.0939,1875
130193,-145.177,-42.9893,170.181,1857
192307,111.046,74.2081,147.112,1878
164204,16.8181,-54.4505,-23.7292,1858
316687,87.8068,-91.3072,409.329,1801
80590.4,-17.9868,-45.0038,299.235,1802
349814,3.90701,21.9573,217.981,1879
39442.1,-53.3299,28.4794,237.793,1880
238143,-95.6279,8.72994,344.395,1859
188511,-76.4217,49.6835,407.745,1803
513754,-185.04,-4.68626,98.2041,1892
11130.8,107.357,-46.4481,187.184,1893
520754,55.4263,60.0032,-11.6662,1860
10611.7,-37.4852,176.404,321.274,1861
3358.46,38.8696,-50.4524,575.529,1862
185564,-15.7712,-123.734,87.4342,1895
172298,68.4384,85.7148,220.246,1896
351073,-93.2935,-68.9214,12.6112,1863
50486.6,-136.831,29.6117,71.459,1865
74477.5,-90.8338,110.178,391.382,1866
1.40072e+06,158.325,-188.17,452.763,1882
25546.1,143.136,-93.6659,-89.519,1883
53087.6,-13.241,23.0568,198.42,1867
148378,31.4994,-61.2717,121.906,1868
592535,25.1662,60.909,-4.11692,1897
21566.5,-24.9984,133.038,475.343,1869
206727,116.791,-66.8418,24.2088,1884
69109.3,27.893,46.2768,263.089,1885
164999,89.8911,142.296,-144.297,1914
156092,10.3534,-0.927812,184.603,1898
3691.71,-5.23584,71.6069,-74.7609,1886
53623.5,-0.875507,47.1014,6.9307,1915
128883,91.3814,-104.259,403.681,1899
172553,30.3562,103.917,42.1069,1916
32346.9,-70.9,-3.21911,56.823,1900
63265.1,-192.48,-318.375,55.4599,1917
277509,-81.3602,122.03,141.046,1888
45350.8,-188.509,-6.06859,91.7541,1918
38038.7,-89.9199,-130.056,266.365,1889
15013,-154.226,113.336,88.8004,1890
286310,110.491,-117.785,251.038,1901
181406,104.161,36.8829,660.762,1891
96890.4,-76.5373,-6.77033,175.154,1902
314841,18.6027,37.8347,222.972,1919
205678,-88.0594,31.3227,119.112,1920
427241,-122.64,-178.366,73.3933,1903
590215,4.14833,-154.35,90.1319,1936
65311.8,-138.574,-13.5322,41.5079,1937
5685.87,9.70412,-6.84831,-13.262,1938
283197,309.664,-40.0797,801.107,1904
232863,6.33762,95.0031,-61.8039,1939
521258,7.78744,-73.1266,309.365,1921
2840.75,-4.89605,9.82728,275.996,1940
172253,14.0229,57.7296,-21.0609,1905
48819.9,-42.9035,-129.17,508.284,1942
88219,125.092,-194.301,255.965,1943
108403,-7.31098,-17.1607,267.161,1944
236746,83.9666,-19.2418,304.57,1906
275405,-24.5252,-60.8275,228.348,1922
44908.6,-16.8012,48.9532,300.976,1907
394.216,54.3122,-15.4694,66.4505,1910
84647,-73.2903,-12.4751,812.223,1911
12359.6,91.8607,94.8148,217.911,1912
349023,-133.847,177.614,486.268,1923
386657,-143.211,-91.9405,6.22575,1945
297527,-151.375,-34.1174,320.83,1958
49159.6,78.2004,306.847,355.578,1959
409680,26.3033,-46.259,31.6251,1924
174608,-9.8808,-49.6055,69.3807,1960
518944,74.0223,185.792,178.048,1946
277471,-81.9313,-124.255,-22.0212,1925
347141,-76.3692,-88.0793,263.399,1961
223132,-46.8575,-86.7393,-91.5998,1947
100937,-48.189,-4.35211,121.56,1949
203633,2.12078,5.48871,328.624,1950
421080,158.605,7.21868,217.825,1926
129870,77.286,73.369,335.512,1951
468781,-303.644,76.6056,294.45,1962
11357.2,-0.181509,21.3432,148.881,1952
72117.2,68.7516,12.2197,553.805,1953
6013.83,-19.6424,-15.4025,228.807,1954
324760,2.16474,-35.3141,54.0302,1927
183146,41.274,-139.656,149.202,1955
293233,237.096,-121.023,181.131,1963
249132,-83.2843,10.8203,-13.1319,1928
18810.9,78.3297,-5.65735,165.552,1964
67251,-108.241,15.7209,-5.34081,1956
37558.2,34.4401,2.48822,19.5535,1957
27552.2,124.302,152.473,145.651,1980
307080,75.2522,-53.945,18.5393,1965
8629.33,109.81,-127.53,79.9814,1966
1610.36,-1.46488,5.59273,140.708,1967
420260,221.054,-72.4841,-103.647,1929
172771,-63.6753,107.884,5.38673,1981
55065.9,57.2765,64.1989,151.198,1930
179615,205.024,-232.661,-1.22274,1969
227266,-333.385,-94.979,95.4546,1982
34032,-139.356,-89.2558,318.337,1970
105839,-31.2321,52.5957,125.299,1931
230875,191.171,-49.1824,325.39,1983
242986,-91.2839,-135.858,180.115,1932
334949,87.0385,-23.1019,120.305,1971
220622,25.9869,-254.504,55.9887,1933
296509,64.8037,-120.641,82.7983,1972
482625,168.863,-235.656,486.834,1984
226946,54.0789,19.7351,275.858,1934
121716,102.575,-72.0946,23.8565,1985
264061,228.267,88.5755,9.44581,1973
54881.6,35.9445,-164.892,148.608,1986
4819.67,8.11344,-31.7869,26.5397,1988
88320.7,63.7852,27.738,-3.14641,1974
103491,193.949,133.144,431.131,1989
141587,-9.82607,55.8961,215.653,1975
179332,6.59885,173.931,29.0173,1990
76640.1,-98.1873,64.1169,466.525,1976
355759,94.6655,-41.4716,375.718,1991
272812,-48.0872,-65.0987,-93.2976,1977
192146,-93.3278,1.64269,173.514,1992
206530,-148.589,178.788,82.3708,1979
54644.7,22.6361,-20.9587,76.3689,1993
168850,74.3772,-20.751,118.009,1994
166021,23.4928,-143.31,103.146,1995
376054,-141.957,-130.981,182.792,1996
55124.8,-65.7437,-57.5941,74.9199,1839
51444.5,-66.9396,-0.379132,52.5557,1840
88655.3,58.0352,-51.508,131.223,1998
1832.44,-14.8718,0.69704,24.995,1841
481347,74.807,69.2261,15.2564,1842
304421,-93.5857,-282.528,330.708,1843
336732,-56.303,-185.669,411.145,1844
186836,117.393,-26.9966,144.606,1845
99887.2,-94.6663,431.614,37.568,1846
